report_date,ticker,name,regular_close,regular_note,extended_price,extended_note,regular_move_pct,extended_move_pct,latest_data_time,source,report_file
2026-05-11,INTC,,124.92,124.92,126.00,126.00,13.96,,,,2026-05-11-stock-brief.md
2026-05-11,AGVO,,,n/a,,n/a,,,,,2026-05-11-stock-brief.md
2026-05-11,RKLB,,105.47,105.47,106.02,106.02,34.22,,,,2026-05-11-stock-brief.md
2026-05-11,AAPL,,293.32,293.32,293.86,293.86,2.05,,,,2026-05-11-stock-brief.md
2026-05-11,NVDA,,215.20,215.20,215.05,215.05,1.75,,,,2026-05-11-stock-brief.md
2026-05-11,TSLA,,428.35,428.35,427.98,427.98,4.02,,,,2026-05-11-stock-brief.md
2026-05-11,SNDK,,1562.34,"1,562.34",1561.98,"1,561.98",16.60,,,,2026-05-11-stock-brief.md
2026-05-11,QQQ,,711.23,711.23,712.11,712.11,2.34,,,,2026-05-11-stock-brief.md
2026-05-11,SPY,,737.62,737.62,737.82,737.82,0.83,,,,2026-05-11-stock-brief.md
2026-05-11,JEPQ,,59.61,59.61,59.60,59.60,0.39,,,,2026-05-11-stock-brief.md
2026-05-11,ASTS,,75.05,75.05,74.86,74.86,14.84,,,,2026-05-11-stock-brief.md
2026-05-11,MU,,746.81,746.81,757.35,757.35,15.49,,,,2026-05-11-stock-brief.md
2026-05-11,IREN,,61.20,61.20,60.76,60.76,7.65,,,,2026-05-11-stock-brief.md
2026-05-11,EOSE,,8.01,8.01,8.17,8.17,25.94,,,,2026-05-11-stock-brief.md
2026-05-11,GOOG,,397.05,397.05,395.80,395.80,0.44,,,,2026-05-11-stock-brief.md
2026-05-11,DRAM,,52.80,52.80,53.88,53.88,13.43,,,,2026-05-11-stock-brief.md
2026-05-11,AMD,,455.19,455.19,461.20,461.20,11.44,,,,2026-05-11-stock-brief.md
2026-05-12,INTC,Intel Corporation,129.44,129.44 USD,128.63,128.63 USD,3.62,-0.63,2026-05-11 19:59 EDT,https://finance.yahoo.com/quote/INTC/,2026-05-12-stock-brief.md
2026-05-12,AVGO,Broadcom Inc.,428.43,428.43 USD,428.44,428.44 USD,-0.37,0.00,2026-05-11 19:59 EDT,https://finance.yahoo.com/quote/AVGO/,2026-05-12-stock-brief.md
2026-05-12,RKLB,Rocket Lab Corporation,117.35,117.35 USD,115.82,115.82 USD,11.26,-1.30,2026-05-11 19:59 EDT,https://finance.yahoo.com/quote/RKLB/,2026-05-12-stock-brief.md
2026-05-12,AAPL,Apple Inc.,292.68,292.68 USD,292.50,292.50 USD,-0.22,-0.06,2026-05-11 19:59 EDT,https://finance.yahoo.com/quote/AAPL/,2026-05-12-stock-brief.md
2026-05-12,NVDA,NVIDIA Corporation,219.44,219.44 USD,219.70,219.70 USD,1.97,0.12,2026-05-11 19:59 EDT,https://finance.yahoo.com/quote/NVDA/,2026-05-12-stock-brief.md
2026-05-12,TSLA,"Tesla, Inc.",445.00,445.00 USD,444.20,444.20 USD,3.89,-0.18,2026-05-11 19:59 EDT,https://finance.yahoo.com/quote/TSLA/,2026-05-12-stock-brief.md
2026-05-12,SNDK,Sandisk Corporation,1547.56,"1,547.56 USD",1538.00,"1,538.00 USD",-0.95,-0.62,2026-05-11 19:59 EDT,https://finance.yahoo.com/quote/SNDK/,2026-05-12-stock-brief.md
2026-05-12,QQQ,"Invesco QQQ Trust, Series 1",713.29,713.29 USD,713.30,713.30 USD,0.29,0.00,2026-05-11 19:59 EDT,https://finance.yahoo.com/quote/QQQ/,2026-05-12-stock-brief.md
2026-05-12,SPY,State Street SPDR S&P 500 ETF T,739.30,739.30 USD,739.28,739.28 USD,0.23,-0.00,2026-05-11 19:59 EDT,https://finance.yahoo.com/quote/SPY/,2026-05-12-stock-brief.md
2026-05-12,JEPQ,JPMorgan Nasdaq Equity Premium,59.72,59.72 USD,59.72,59.72 USD,0.18,-0.00,2026-05-11 19:59 EDT,https://finance.yahoo.com/quote/JEPQ/,2026-05-12-stock-brief.md
2026-05-12,ASTS,"AST SpaceMobile, Inc.",82.55,82.55 USD,74.03,74.03 USD,9.99,-10.32,2026-05-11 19:59 EDT,https://finance.yahoo.com/quote/ASTS/,2026-05-12-stock-brief.md
2026-05-12,MU,"Micron Technology, Inc.",795.33,795.33 USD,798.49,798.49 USD,6.50,0.40,2026-05-11 19:59 EDT,https://finance.yahoo.com/quote/MU/,2026-05-12-stock-brief.md
2026-05-12,IREN,IREN LIMITED,55.15,55.15 USD,56.15,56.15 USD,-9.89,1.81,2026-05-11 19:59 EDT,https://finance.yahoo.com/quote/IREN/,2026-05-12-stock-brief.md
2026-05-12,EOSE,"Eos Energy Enterprises, Inc.",8.57,8.57 USD,8.79,8.79 USD,6.99,2.57,2026-05-11 19:59 EDT,https://finance.yahoo.com/quote/EOSE/,2026-05-12-stock-brief.md
2026-05-12,GOOG,Alphabet Inc.,386.77,386.77 USD,387.50,387.50 USD,-2.59,0.19,2026-05-11 19:59 EDT,https://finance.yahoo.com/quote/GOOG/,2026-05-12-stock-brief.md
2026-05-12,DRAM,Roundhill Memory ETF,55.08,55.08 USD,55.53,55.53 USD,4.32,0.81,2026-05-11 19:59 EDT,https://finance.yahoo.com/quote/DRAM/,2026-05-12-stock-brief.md
2026-05-12,AMD,"Advanced Micro Devices, Inc.",458.79,458.79 USD,458.05,458.05 USD,0.79,-0.16,2026-05-11 19:59 EDT,https://finance.yahoo.com/quote/AMD/,2026-05-12-stock-brief.md
2026-05-12,ASML,ASML Holding N.V. - New York Re,1565.81,"1,565.81 USD",1564.87,"1,564.87 USD",-1.65,-0.06,2026-05-11 19:59 EDT,https://finance.yahoo.com/quote/ASML/,2026-05-12-stock-brief.md
2026-05-13,INTC,Intel Corporation,120.61,120.61 USD,117.58,117.58 USD,-6.82,-2.51,2026-05-12 19:59 EDT,https://finance.yahoo.com/quote/INTC/,2026-05-13-stock-brief.md
2026-05-13,AVGO,Broadcom Inc.,419.30,419.30 USD,417.45,417.45 USD,-2.13,-0.44,2026-05-12 19:59 EDT,https://finance.yahoo.com/quote/AVGO/,2026-05-13-stock-brief.md
2026-05-13,RKLB,Rocket Lab Corporation,117.56,117.56 USD,117.67,117.67 USD,0.18,0.09,2026-05-12 19:59 EDT,https://finance.yahoo.com/quote/RKLB/,2026-05-13-stock-brief.md
2026-05-13,AAPL,Apple Inc.,294.80,294.80 USD,294.49,294.49 USD,0.72,-0.11,2026-05-12 19:59 EDT,https://finance.yahoo.com/quote/AAPL/,2026-05-13-stock-brief.md
2026-05-13,NVDA,NVIDIA Corporation,220.78,220.78 USD,219.48,219.48 USD,0.61,-0.59,2026-05-12 19:59 EDT,https://finance.yahoo.com/quote/NVDA/,2026-05-13-stock-brief.md
2026-05-13,TSLA,"Tesla, Inc.",433.45,433.45 USD,430.31,430.31 USD,-2.60,-0.72,2026-05-12 19:59 EDT,https://finance.yahoo.com/quote/TSLA/,2026-05-13-stock-brief.md
2026-05-13,SNDK,Sandisk Corporation,1452.02,"1,452.02 USD",1414.22,"1,414.22 USD",-6.17,-2.60,2026-05-12 19:59 EDT,https://finance.yahoo.com/quote/SNDK/,2026-05-13-stock-brief.md
2026-05-13,QQQ,"Invesco QQQ Trust, Series 1",707.24,707.24 USD,704.90,704.90 USD,-0.85,-0.33,2026-05-12 19:59 EDT,https://finance.yahoo.com/quote/QQQ/,2026-05-13-stock-brief.md
2026-05-13,SPY,State Street SPDR S&P 500 ETF T,738.18,738.18 USD,736.66,736.66 USD,-0.15,-0.21,2026-05-12 19:59 EDT,https://finance.yahoo.com/quote/SPY/,2026-05-13-stock-brief.md
2026-05-13,JEPQ,JPMorgan Nasdaq Equity Premium,59.66,59.66 USD,59.66,59.66 USD,-0.10,-0.01,2026-05-12 19:59 EDT,https://finance.yahoo.com/quote/JEPQ/,2026-05-13-stock-brief.md
2026-05-13,ASTS,"AST SpaceMobile, Inc.",72.96,72.96 USD,72.42,72.42 USD,-11.62,-0.74,2026-05-12 19:59 EDT,https://finance.yahoo.com/quote/ASTS/,2026-05-13-stock-brief.md
2026-05-13,MU,"Micron Technology, Inc.",766.58,766.58 USD,747.00,747.00 USD,-3.61,-2.55,2026-05-12 19:59 EDT,https://finance.yahoo.com/quote/MU/,2026-05-13-stock-brief.md
2026-05-13,IREN,IREN LIMITED,56.56,56.56 USD,55.86,55.86 USD,2.56,-1.24,2026-05-12 19:59 EDT,https://finance.yahoo.com/quote/IREN/,2026-05-13-stock-brief.md
2026-05-13,EOSE,"Eos Energy Enterprises, Inc.",8.10,8.10 USD,7.97,7.97 USD,-5.48,-1.55,2026-05-12 19:59 EDT,https://finance.yahoo.com/quote/EOSE/,2026-05-13-stock-brief.md
2026-05-13,GOOG,Alphabet Inc.,383.82,383.82 USD,385.97,385.97 USD,-0.76,0.56,2026-05-12 19:59 EDT,https://finance.yahoo.com/quote/GOOG/,2026-05-13-stock-brief.md
2026-05-13,DRAM,Roundhill Memory ETF,51.30,51.30 USD,50.01,50.01 USD,-6.86,-2.51,2026-05-12 19:59 EDT,https://finance.yahoo.com/quote/DRAM/,2026-05-13-stock-brief.md
2026-05-13,AMD,"Advanced Micro Devices, Inc.",448.29,448.29 USD,444.76,444.76 USD,-2.29,-0.79,2026-05-12 19:59 EDT,https://finance.yahoo.com/quote/AMD/,2026-05-13-stock-brief.md
2026-05-13,ASML,ASML Holding N.V. - New York Re,1520.94,"1,520.94 USD",1511.70,"1,511.70 USD",-2.87,-0.61,2026-05-12 19:59 EDT,https://finance.yahoo.com/quote/ASML/,2026-05-13-stock-brief.md
2026-05-14,INTC,Intel Corporation,120.29,120.29 USD,120.01,120.01 USD,-0.27,-0.23,2026-05-13 19:59 EDT,https://finance.yahoo.com/quote/INTC/,2026-05-14-stock-brief.md
2026-05-14,AVGO,Broadcom Inc.,416.79,416.79 USD,417.72,417.72 USD,-0.60,0.22,2026-05-13 19:59 EDT,https://finance.yahoo.com/quote/AVGO/,2026-05-14-stock-brief.md
2026-05-14,RKLB,Rocket Lab Corporation,124.15,124.15 USD,124.50,124.50 USD,5.61,0.28,2026-05-13 19:59 EDT,https://finance.yahoo.com/quote/RKLB/,2026-05-14-stock-brief.md
2026-05-14,AAPL,Apple Inc.,298.87,298.87 USD,298.56,298.56 USD,1.38,-0.10,2026-05-13 19:59 EDT,https://finance.yahoo.com/quote/AAPL/,2026-05-14-stock-brief.md
2026-05-14,NVDA,NVIDIA Corporation,225.83,225.83 USD,227.78,227.78 USD,2.29,0.86,2026-05-13 19:59 EDT,https://finance.yahoo.com/quote/NVDA/,2026-05-14-stock-brief.md
2026-05-14,TSLA,"Tesla, Inc.",445.27,445.27 USD,448.20,448.20 USD,2.73,0.66,2026-05-13 19:59 EDT,https://finance.yahoo.com/quote/TSLA/,2026-05-14-stock-brief.md
2026-05-14,SNDK,Sandisk Corporation,1447.23,"1,447.23 USD",1442.00,"1,442.00 USD",-0.33,-0.36,2026-05-13 19:59 EDT,https://finance.yahoo.com/quote/SNDK/,2026-05-14-stock-brief.md
2026-05-14,QQQ,"Invesco QQQ Trust, Series 1",714.71,714.71 USD,718.29,718.29 USD,1.06,0.50,2026-05-13 19:59 EDT,https://finance.yahoo.com/quote/QQQ/,2026-05-14-stock-brief.md
2026-05-14,SPY,State Street SPDR S&P 500 ETF T,742.31,742.31 USD,743.56,743.56 USD,0.56,0.17,2026-05-13 19:59 EDT,https://finance.yahoo.com/quote/SPY/,2026-05-14-stock-brief.md
2026-05-14,JEPQ,JPMorgan Nasdaq Equity Premium,59.89,59.89 USD,59.94,59.94 USD,0.39,0.08,2026-05-13 19:59 EDT,https://finance.yahoo.com/quote/JEPQ/,2026-05-14-stock-brief.md
2026-05-14,ASTS,"AST SpaceMobile, Inc.",74.81,74.81 USD,75.14,75.14 USD,2.54,0.44,2026-05-13 19:59 EDT,https://finance.yahoo.com/quote/ASTS/,2026-05-14-stock-brief.md
2026-05-14,MU,"Micron Technology, Inc.",803.63,803.63 USD,802.50,802.50 USD,4.83,-0.14,2026-05-13 19:59 EDT,https://finance.yahoo.com/quote/MU/,2026-05-14-stock-brief.md
2026-05-14,IREN,IREN LIMITED,55.17,55.17 USD,55.36,55.36 USD,-2.46,0.34,2026-05-13 19:59 EDT,https://finance.yahoo.com/quote/IREN/,2026-05-14-stock-brief.md
2026-05-14,EOSE,"Eos Energy Enterprises, Inc.",8.28,8.28 USD,8.16,8.16 USD,2.22,-1.45,2026-05-13 19:59 EDT,https://finance.yahoo.com/quote/EOSE/,2026-05-14-stock-brief.md
2026-05-14,GOOG,Alphabet Inc.,399.04,399.04 USD,400.00,400.00 USD,3.97,0.24,2026-05-13 19:59 EDT,https://finance.yahoo.com/quote/GOOG/,2026-05-14-stock-brief.md
2026-05-14,DRAM,Roundhill Memory ETF,54.54,54.54 USD,55.03,55.03 USD,6.32,0.90,2026-05-13 19:59 EDT,https://finance.yahoo.com/quote/DRAM/,2026-05-14-stock-brief.md
2026-05-14,AMD,"Advanced Micro Devices, Inc.",445.50,445.50 USD,446.40,446.40 USD,-0.62,0.20,2026-05-13 19:59 EDT,https://finance.yahoo.com/quote/AMD/,2026-05-14-stock-brief.md
2026-05-14,ASML,ASML Holding N.V. - New York Re,1581.58,"1,581.58 USD",1593.00,"1,593.00 USD",3.99,0.72,2026-05-13 19:59 EDT,https://finance.yahoo.com/quote/ASML/,2026-05-14-stock-brief.md
2026-05-15,INTC,Intel Corporation,115.93,115.93 USD,114.33,114.33 USD,-3.62,-1.38,2026-05-14 19:59 EDT,https://finance.yahoo.com/quote/INTC/,2026-05-15-stock-brief.md
2026-05-15,AVGO,Broadcom Inc.,439.79,439.79 USD,440.00,440.00 USD,5.52,0.05,2026-05-14 19:59 EDT,https://finance.yahoo.com/quote/AVGO/,2026-05-15-stock-brief.md
2026-05-15,RKLB,Rocket Lab Corporation,132.55,132.55 USD,132.50,132.50 USD,6.77,-0.04,2026-05-14 19:59 EDT,https://finance.yahoo.com/quote/RKLB/,2026-05-15-stock-brief.md
2026-05-15,AAPL,Apple Inc.,298.21,298.21 USD,297.83,297.83 USD,-0.22,-0.13,2026-05-14 19:59 EDT,https://finance.yahoo.com/quote/AAPL/,2026-05-15-stock-brief.md
2026-05-15,NVDA,NVIDIA Corporation,235.74,235.74 USD,237.87,237.87 USD,4.39,0.90,2026-05-14 19:59 EDT,https://finance.yahoo.com/quote/NVDA/,2026-05-15-stock-brief.md
2026-05-15,TSLA,"Tesla, Inc.",443.30,443.30 USD,442.40,442.40 USD,-0.44,-0.20,2026-05-14 19:59 EDT,https://finance.yahoo.com/quote/TSLA/,2026-05-15-stock-brief.md
2026-05-15,SNDK,Sandisk Corporation,1382.72,"1,382.72 USD",1370.00,"1,370.00 USD",-4.46,-0.92,2026-05-14 19:59 EDT,https://finance.yahoo.com/quote/SNDK/,2026-05-15-stock-brief.md
2026-05-15,QQQ,"Invesco QQQ Trust, Series 1",719.79,719.79 USD,719.76,719.76 USD,0.71,-0.00,2026-05-14 19:59 EDT,https://finance.yahoo.com/quote/QQQ/,2026-05-15-stock-brief.md
2026-05-15,SPY,State Street SPDR S&P 500 ETF T,748.17,748.17 USD,747.68,747.68 USD,0.79,-0.07,2026-05-14 19:59 EDT,https://finance.yahoo.com/quote/SPY/,2026-05-15-stock-brief.md
2026-05-15,JEPQ,JPMorgan Nasdaq Equity Premium,60.01,60.01 USD,60.05,60.05 USD,0.20,0.07,2026-05-14 19:59 EDT,https://finance.yahoo.com/quote/JEPQ/,2026-05-15-stock-brief.md
2026-05-15,ASTS,"AST SpaceMobile, Inc.",83.01,83.01 USD,82.73,82.73 USD,10.96,-0.34,2026-05-14 19:59 EDT,https://finance.yahoo.com/quote/ASTS/,2026-05-15-stock-brief.md
2026-05-15,MU,"Micron Technology, Inc.",776.01,776.01 USD,778.00,778.00 USD,-3.44,0.26,2026-05-14 19:59 EDT,https://finance.yahoo.com/quote/MU/,2026-05-15-stock-brief.md
2026-05-15,IREN,IREN LIMITED,58.40,58.40 USD,59.20,59.20 USD,5.85,1.37,2026-05-14 19:59 EDT,https://finance.yahoo.com/quote/IREN/,2026-05-15-stock-brief.md
2026-05-15,EOSE,"Eos Energy Enterprises, Inc.",8.17,8.17 USD,8.20,8.20 USD,-1.33,0.37,2026-05-14 19:59 EDT,https://finance.yahoo.com/quote/EOSE/,2026-05-15-stock-brief.md
2026-05-15,GOOG,Alphabet Inc.,397.17,397.17 USD,396.80,396.80 USD,-0.47,-0.09,2026-05-14 19:59 EDT,https://finance.yahoo.com/quote/GOOG/,2026-05-15-stock-brief.md
2026-05-15,DRAM,Roundhill Memory ETF,53.79,53.79 USD,53.78,53.78 USD,-1.38,-0.01,2026-05-14 19:59 EDT,https://finance.yahoo.com/quote/DRAM/,2026-05-15-stock-brief.md
2026-05-15,AMD,"Advanced Micro Devices, Inc.",449.70,449.70 USD,447.50,447.50 USD,0.94,-0.49,2026-05-14 19:59 EDT,https://finance.yahoo.com/quote/AMD/,2026-05-15-stock-brief.md
2026-05-15,ASML,ASML Holding N.V. - New York Re,1584.51,"1,584.51 USD",1583.50,"1,583.50 USD",0.19,-0.06,2026-05-14 19:59 EDT,https://finance.yahoo.com/quote/ASML/,2026-05-15-stock-brief.md
2026-05-16,INTC,Intel Corporation,108.77,108.77 USD,106.91,106.91 USD,-6.18,-1.71,2026-05-15 19:59 EDT,https://finance.yahoo.com/quote/INTC/,2026-05-16-stock-brief.md
2026-05-16,AVGO,Broadcom Inc.,425.19,425.19 USD,423.48,423.48 USD,-3.32,-0.40,2026-05-15 19:59 EDT,https://finance.yahoo.com/quote/AVGO/,2026-05-16-stock-brief.md
2026-05-16,RKLB,Rocket Lab Corporation,124.77,124.77 USD,122.70,122.70 USD,-5.87,-1.66,2026-05-15 19:59 EDT,https://finance.yahoo.com/quote/RKLB/,2026-05-16-stock-brief.md
2026-05-16,AAPL,Apple Inc.,300.23,300.23 USD,299.85,299.85 USD,0.68,-0.13,2026-05-15 19:59 EDT,https://finance.yahoo.com/quote/AAPL/,2026-05-16-stock-brief.md
2026-05-16,NVDA,NVIDIA Corporation,225.32,225.32 USD,224.41,224.41 USD,-4.42,-0.40,2026-05-15 19:59 EDT,https://finance.yahoo.com/quote/NVDA/,2026-05-16-stock-brief.md
2026-05-16,TSLA,"Tesla, Inc.",422.24,422.24 USD,418.57,418.57 USD,-4.75,-0.87,2026-05-15 19:59 EDT,https://finance.yahoo.com/quote/TSLA/,2026-05-16-stock-brief.md
2026-05-16,SNDK,Sandisk Corporation,1407.61,"1,407.61 USD",1380.93,"1,380.93 USD",1.80,-1.90,2026-05-15 19:59 EDT,https://finance.yahoo.com/quote/SNDK/,2026-05-16-stock-brief.md
2026-05-16,QQQ,"Invesco QQQ Trust, Series 1",708.93,708.93 USD,706.49,706.49 USD,-1.51,-0.34,2026-05-15 19:59 EDT,https://finance.yahoo.com/quote/QQQ/,2026-05-16-stock-brief.md
2026-05-16,SPY,State Street SPDR S&P 500 ETF T,739.17,739.17 USD,737.34,737.34 USD,-1.20,-0.25,2026-05-15 19:59 EDT,https://finance.yahoo.com/quote/SPY/,2026-05-16-stock-brief.md
2026-05-16,JEPQ,JPMorgan Nasdaq Equity Premium,59.77,59.77 USD,59.84,59.84 USD,-0.40,0.11,2026-05-15 19:59 EDT,https://finance.yahoo.com/quote/JEPQ/,2026-05-16-stock-brief.md
2026-05-16,ASTS,"AST SpaceMobile, Inc.",83.67,83.67 USD,82.60,82.60 USD,0.80,-1.28,2026-05-15 19:59 EDT,https://finance.yahoo.com/quote/ASTS/,2026-05-16-stock-brief.md
2026-05-16,MU,"Micron Technology, Inc.",724.66,724.66 USD,715.89,715.89 USD,-6.62,-1.21,2026-05-15 19:59 EDT,https://finance.yahoo.com/quote/MU/,2026-05-16-stock-brief.md
2026-05-16,IREN,IREN LIMITED,52.94,52.94 USD,52.63,52.63 USD,-9.35,-0.59,2026-05-15 19:59 EDT,https://finance.yahoo.com/quote/IREN/,2026-05-16-stock-brief.md
2026-05-16,EOSE,"Eos Energy Enterprises, Inc.",7.86,7.86 USD,7.78,7.78 USD,-3.73,-1.08,2026-05-15 19:59 EDT,https://finance.yahoo.com/quote/EOSE/,2026-05-16-stock-brief.md
2026-05-16,GOOG,Alphabet Inc.,393.32,393.32 USD,392.06,392.06 USD,-0.97,-0.32,2026-05-15 19:59 EDT,https://finance.yahoo.com/quote/GOOG/,2026-05-16-stock-brief.md
2026-05-16,DRAM,Roundhill Memory ETF,51.10,51.10 USD,50.29,50.29 USD,-5.00,-1.59,2026-05-15 19:59 EDT,https://finance.yahoo.com/quote/DRAM/,2026-05-16-stock-brief.md
2026-05-16,AMD,"Advanced Micro Devices, Inc.",424.10,424.10 USD,420.19,420.19 USD,-5.69,-0.92,2026-05-15 19:59 EDT,https://finance.yahoo.com/quote/AMD/,2026-05-16-stock-brief.md
2026-05-16,ASML,ASML Holding N.V. - New York Re,1501.81,"1,501.81 USD",1498.00,"1,498.00 USD",-5.22,-0.25,2026-05-15 19:59 EDT,https://finance.yahoo.com/quote/ASML/,2026-05-16-stock-brief.md
2026-05-17,INTC,Intel Corporation,108.77,108.77 USD,106.91,106.91 USD,-6.18,-1.71,2026-05-15 19:59 EDT,https://finance.yahoo.com/quote/INTC/,2026-05-17-stock-brief.md
2026-05-17,AVGO,Broadcom Inc.,425.19,425.19 USD,423.48,423.48 USD,-3.32,-0.40,2026-05-15 19:59 EDT,https://finance.yahoo.com/quote/AVGO/,2026-05-17-stock-brief.md
2026-05-17,RKLB,Rocket Lab Corporation,124.77,124.77 USD,122.70,122.70 USD,-5.87,-1.66,2026-05-15 19:59 EDT,https://finance.yahoo.com/quote/RKLB/,2026-05-17-stock-brief.md
2026-05-17,AAPL,Apple Inc.,300.23,300.23 USD,299.85,299.85 USD,0.68,-0.13,2026-05-15 19:59 EDT,https://finance.yahoo.com/quote/AAPL/,2026-05-17-stock-brief.md
2026-05-17,NVDA,NVIDIA Corporation,225.32,225.32 USD,224.41,224.41 USD,-4.42,-0.40,2026-05-15 19:59 EDT,https://finance.yahoo.com/quote/NVDA/,2026-05-17-stock-brief.md
2026-05-17,TSLA,"Tesla, Inc.",422.24,422.24 USD,418.57,418.57 USD,-4.75,-0.87,2026-05-15 19:59 EDT,https://finance.yahoo.com/quote/TSLA/,2026-05-17-stock-brief.md
2026-05-17,SNDK,Sandisk Corporation,1407.61,"1,407.61 USD",1380.93,"1,380.93 USD",1.80,-1.90,2026-05-15 19:59 EDT,https://finance.yahoo.com/quote/SNDK/,2026-05-17-stock-brief.md
2026-05-17,QQQ,"Invesco QQQ Trust, Series 1",708.93,708.93 USD,706.49,706.49 USD,-1.51,-0.34,2026-05-15 19:59 EDT,https://finance.yahoo.com/quote/QQQ/,2026-05-17-stock-brief.md
2026-05-17,SPY,State Street SPDR S&P 500 ETF T,739.17,739.17 USD,737.34,737.34 USD,-1.20,-0.25,2026-05-15 19:59 EDT,https://finance.yahoo.com/quote/SPY/,2026-05-17-stock-brief.md
2026-05-17,JEPQ,JPMorgan Nasdaq Equity Premium,59.77,59.77 USD,59.84,59.84 USD,-0.40,0.11,2026-05-15 19:59 EDT,https://finance.yahoo.com/quote/JEPQ/,2026-05-17-stock-brief.md
2026-05-17,ASTS,"AST SpaceMobile, Inc.",83.67,83.67 USD,82.60,82.60 USD,0.80,-1.28,2026-05-15 19:59 EDT,https://finance.yahoo.com/quote/ASTS/,2026-05-17-stock-brief.md
2026-05-17,MU,"Micron Technology, Inc.",724.66,724.66 USD,715.89,715.89 USD,-6.62,-1.21,2026-05-15 19:59 EDT,https://finance.yahoo.com/quote/MU/,2026-05-17-stock-brief.md
2026-05-17,IREN,IREN LIMITED,52.94,52.94 USD,52.63,52.63 USD,-9.35,-0.59,2026-05-15 19:59 EDT,https://finance.yahoo.com/quote/IREN/,2026-05-17-stock-brief.md
2026-05-17,EOSE,"Eos Energy Enterprises, Inc.",7.86,7.86 USD,7.78,7.78 USD,-3.73,-1.08,2026-05-15 19:59 EDT,https://finance.yahoo.com/quote/EOSE/,2026-05-17-stock-brief.md
2026-05-17,GOOG,Alphabet Inc.,393.32,393.32 USD,392.06,392.06 USD,-0.97,-0.32,2026-05-15 19:59 EDT,https://finance.yahoo.com/quote/GOOG/,2026-05-17-stock-brief.md
2026-05-17,DRAM,Roundhill Memory ETF,51.10,51.10 USD,50.29,50.29 USD,-5.00,-1.59,2026-05-15 19:59 EDT,https://finance.yahoo.com/quote/DRAM/,2026-05-17-stock-brief.md
2026-05-17,AMD,"Advanced Micro Devices, Inc.",424.10,424.10 USD,420.19,420.19 USD,-5.69,-0.92,2026-05-15 19:59 EDT,https://finance.yahoo.com/quote/AMD/,2026-05-17-stock-brief.md
2026-05-17,ASML,ASML Holding N.V. - New York Re,1501.81,"1,501.81 USD",1498.00,"1,498.00 USD",-5.22,-0.25,2026-05-15 19:59 EDT,https://finance.yahoo.com/quote/ASML/,2026-05-17-stock-brief.md
2026-05-18,INTC,Intel Corporation,108.77,108.77 USD,106.91,106.91 USD,-6.18,-1.71,2026-05-15 19:59 EDT,https://finance.yahoo.com/quote/INTC/,2026-05-18-stock-brief.md
2026-05-18,AVGO,Broadcom Inc.,425.19,425.19 USD,423.48,423.48 USD,-3.32,-0.40,2026-05-15 19:59 EDT,https://finance.yahoo.com/quote/AVGO/,2026-05-18-stock-brief.md
2026-05-18,RKLB,Rocket Lab Corporation,124.77,124.77 USD,122.70,122.70 USD,-5.87,-1.66,2026-05-15 19:59 EDT,https://finance.yahoo.com/quote/RKLB/,2026-05-18-stock-brief.md
2026-05-18,AAPL,Apple Inc.,300.23,300.23 USD,299.85,299.85 USD,0.68,-0.13,2026-05-15 19:59 EDT,https://finance.yahoo.com/quote/AAPL/,2026-05-18-stock-brief.md
2026-05-18,NVDA,NVIDIA Corporation,225.32,225.32 USD,224.41,224.41 USD,-4.42,-0.40,2026-05-15 19:59 EDT,https://finance.yahoo.com/quote/NVDA/,2026-05-18-stock-brief.md
2026-05-18,TSLA,"Tesla, Inc.",422.24,422.24 USD,418.57,418.57 USD,-4.75,-0.87,2026-05-15 19:59 EDT,https://finance.yahoo.com/quote/TSLA/,2026-05-18-stock-brief.md
2026-05-18,SNDK,Sandisk Corporation,1407.61,"1,407.61 USD",1380.93,"1,380.93 USD",1.80,-1.90,2026-05-15 19:59 EDT,https://finance.yahoo.com/quote/SNDK/,2026-05-18-stock-brief.md
2026-05-18,QQQ,"Invesco QQQ Trust, Series 1",708.93,708.93 USD,706.49,706.49 USD,-1.51,-0.34,2026-05-15 19:59 EDT,https://finance.yahoo.com/quote/QQQ/,2026-05-18-stock-brief.md
2026-05-18,SPY,State Street SPDR S&P 500 ETF T,739.17,739.17 USD,737.34,737.34 USD,-1.20,-0.25,2026-05-15 19:59 EDT,https://finance.yahoo.com/quote/SPY/,2026-05-18-stock-brief.md
2026-05-18,JEPQ,JPMorgan Nasdaq Equity Premium,59.77,59.77 USD,59.84,59.84 USD,-0.40,0.11,2026-05-15 19:59 EDT,https://finance.yahoo.com/quote/JEPQ/,2026-05-18-stock-brief.md
2026-05-18,ASTS,"AST SpaceMobile, Inc.",83.67,83.67 USD,82.60,82.60 USD,0.80,-1.28,2026-05-15 19:59 EDT,https://finance.yahoo.com/quote/ASTS/,2026-05-18-stock-brief.md
2026-05-18,MU,"Micron Technology, Inc.",724.66,724.66 USD,715.89,715.89 USD,-6.62,-1.21,2026-05-15 19:59 EDT,https://finance.yahoo.com/quote/MU/,2026-05-18-stock-brief.md
2026-05-18,IREN,IREN LIMITED,52.94,52.94 USD,52.63,52.63 USD,-9.35,-0.59,2026-05-15 19:59 EDT,https://finance.yahoo.com/quote/IREN/,2026-05-18-stock-brief.md
2026-05-18,EOSE,"Eos Energy Enterprises, Inc.",7.86,7.86 USD,7.78,7.78 USD,-3.73,-1.08,2026-05-15 19:59 EDT,https://finance.yahoo.com/quote/EOSE/,2026-05-18-stock-brief.md
2026-05-18,GOOG,Alphabet Inc.,393.32,393.32 USD,392.06,392.06 USD,-0.97,-0.32,2026-05-15 19:59 EDT,https://finance.yahoo.com/quote/GOOG/,2026-05-18-stock-brief.md
2026-05-18,DRAM,Roundhill Memory ETF,51.10,51.10 USD,50.29,50.29 USD,-5.00,-1.59,2026-05-15 19:59 EDT,https://finance.yahoo.com/quote/DRAM/,2026-05-18-stock-brief.md
2026-05-18,AMD,"Advanced Micro Devices, Inc.",424.10,424.10 USD,420.19,420.19 USD,-5.69,-0.92,2026-05-15 19:59 EDT,https://finance.yahoo.com/quote/AMD/,2026-05-18-stock-brief.md
2026-05-18,ASML,ASML Holding N.V. - New York Re,1501.81,"1,501.81 USD",1498.00,"1,498.00 USD",-5.22,-0.25,2026-05-15 19:59 EDT,https://finance.yahoo.com/quote/ASML/,2026-05-18-stock-brief.md
2026-05-19,INTC,Intel Corporation,108.17,108.17 USD,108.14,108.14 USD,-0.55,-0.03,2026-05-18 19:59 EDT,https://finance.yahoo.com/quote/INTC/,2026-05-19-stock-brief.md
2026-05-19,AVGO,Broadcom Inc.,420.71,420.71 USD,419.57,419.57 USD,-1.05,-0.27,2026-05-18 19:59 EDT,https://finance.yahoo.com/quote/AVGO/,2026-05-19-stock-brief.md
2026-05-19,RKLB,Rocket Lab Corporation,131.16,131.16 USD,130.40,130.40 USD,5.12,-0.58,2026-05-18 19:59 EDT,https://finance.yahoo.com/quote/RKLB/,2026-05-19-stock-brief.md
2026-05-19,AAPL,Apple Inc.,297.84,297.84 USD,297.30,297.30 USD,-0.80,-0.18,2026-05-18 19:59 EDT,https://finance.yahoo.com/quote/AAPL/,2026-05-19-stock-brief.md
2026-05-19,NVDA,NVIDIA Corporation,222.32,222.32 USD,222.75,222.75 USD,-1.33,0.19,2026-05-18 19:59 EDT,https://finance.yahoo.com/quote/NVDA/,2026-05-19-stock-brief.md
2026-05-19,TSLA,"Tesla, Inc.",409.99,409.99 USD,409.47,409.47 USD,-2.90,-0.13,2026-05-18 19:59 EDT,https://finance.yahoo.com/quote/TSLA/,2026-05-19-stock-brief.md
2026-05-19,SNDK,Sandisk Corporation,1333.01,"1,333.01 USD",1322.53,"1,322.53 USD",-5.30,-0.79,2026-05-18 19:59 EDT,https://finance.yahoo.com/quote/SNDK/,2026-05-19-stock-brief.md
2026-05-19,QQQ,"Invesco QQQ Trust, Series 1",705.88,705.88 USD,706.57,706.57 USD,-0.43,0.10,2026-05-18 19:59 EDT,https://finance.yahoo.com/quote/QQQ/,2026-05-19-stock-brief.md
2026-05-19,SPY,State Street SPDR S&P 500 ETF T,738.65,738.65 USD,738.89,738.89 USD,-0.07,0.03,2026-05-18 19:59 EDT,https://finance.yahoo.com/quote/SPY/,2026-05-19-stock-brief.md
2026-05-19,JEPQ,JPMorgan Nasdaq Equity Premium,59.71,59.71 USD,59.72,59.72 USD,-0.10,0.02,2026-05-18 19:59 EDT,https://finance.yahoo.com/quote/JEPQ/,2026-05-19-stock-brief.md
2026-05-19,ASTS,"AST SpaceMobile, Inc.",86.83,86.83 USD,87.21,87.21 USD,3.78,0.44,2026-05-18 19:59 EDT,https://finance.yahoo.com/quote/ASTS/,2026-05-19-stock-brief.md
2026-05-19,MU,"Micron Technology, Inc.",681.54,681.54 USD,689.07,689.07 USD,-5.95,1.10,2026-05-18 19:59 EDT,https://finance.yahoo.com/quote/MU/,2026-05-19-stock-brief.md
2026-05-19,IREN,IREN LIMITED,50.46,50.46 USD,50.70,50.70 USD,-4.68,0.48,2026-05-18 19:59 EDT,https://finance.yahoo.com/quote/IREN/,2026-05-19-stock-brief.md
2026-05-19,EOSE,"Eos Energy Enterprises, Inc.",7.43,7.43 USD,7.46,7.46 USD,-5.53,0.40,2026-05-18 19:59 EDT,https://finance.yahoo.com/quote/EOSE/,2026-05-19-stock-brief.md
2026-05-19,GOOG,Alphabet Inc.,393.11,393.11 USD,395.46,395.46 USD,-0.05,0.60,2026-05-18 19:59 EDT,https://finance.yahoo.com/quote/GOOG/,2026-05-19-stock-brief.md
2026-05-19,DRAM,Roundhill Memory ETF,49.32,49.32 USD,49.76,49.76 USD,-3.48,0.89,2026-05-18 19:59 EDT,https://finance.yahoo.com/quote/DRAM/,2026-05-19-stock-brief.md
2026-05-19,AMD,"Advanced Micro Devices, Inc.",420.99,420.99 USD,422.41,422.41 USD,-0.73,0.34,2026-05-18 19:59 EDT,https://finance.yahoo.com/quote/AMD/,2026-05-19-stock-brief.md
2026-05-19,ASML,ASML Holding N.V. - New York Re,1472.39,"1,472.39 USD",1475.75,"1,475.75 USD",-1.96,0.23,2026-05-18 19:59 EDT,https://finance.yahoo.com/quote/ASML/,2026-05-19-stock-brief.md
2026-05-20,INTC,Intel Corporation,110.80,110.80 USD,111.87,111.87 USD,2.43,0.97,2026-05-19 19:59 EDT,https://finance.yahoo.com/quote/INTC/,2026-05-20-stock-brief.md
2026-05-20,AVGO,Broadcom Inc.,411.07,411.07 USD,411.98,411.98 USD,-2.29,0.22,2026-05-19 19:59 EDT,https://finance.yahoo.com/quote/AVGO/,2026-05-20-stock-brief.md
2026-05-20,RKLB,Rocket Lab Corporation,127.31,127.31 USD,126.10,126.10 USD,-2.94,-0.95,2026-05-19 19:59 EDT,https://finance.yahoo.com/quote/RKLB/,2026-05-20-stock-brief.md
2026-05-20,AAPL,Apple Inc.,298.97,298.97 USD,298.97,298.97 USD,0.38,-0.00,2026-05-19 19:59 EDT,https://finance.yahoo.com/quote/AAPL/,2026-05-20-stock-brief.md
2026-05-20,NVDA,NVIDIA Corporation,220.61,220.61 USD,221.54,221.54 USD,-0.77,0.42,2026-05-19 19:59 EDT,https://finance.yahoo.com/quote/NVDA/,2026-05-20-stock-brief.md
2026-05-20,TSLA,"Tesla, Inc.",404.11,404.11 USD,404.68,404.68 USD,-1.43,0.14,2026-05-19 19:59 EDT,https://finance.yahoo.com/quote/TSLA/,2026-05-20-stock-brief.md
2026-05-20,SNDK,Sandisk Corporation,1383.29,"1,383.29 USD",1394.00,"1,394.00 USD",3.77,0.77,2026-05-19 19:59 EDT,https://finance.yahoo.com/quote/SNDK/,2026-05-20-stock-brief.md
2026-05-20,QQQ,"Invesco QQQ Trust, Series 1",701.53,701.53 USD,702.26,702.26 USD,-0.62,0.10,2026-05-19 19:59 EDT,https://finance.yahoo.com/quote/QQQ/,2026-05-20-stock-brief.md
2026-05-20,SPY,State Street SPDR S&P 500 ETF T,733.73,733.73 USD,734.25,734.25 USD,-0.67,0.07,2026-05-19 19:59 EDT,https://finance.yahoo.com/quote/SPY/,2026-05-20-stock-brief.md
2026-05-20,JEPQ,JPMorgan Nasdaq Equity Premium,59.60,59.60 USD,59.60,59.60 USD,-0.18,0.00,2026-05-19 19:58 EDT,https://finance.yahoo.com/quote/JEPQ/,2026-05-20-stock-brief.md
2026-05-20,ASTS,"AST SpaceMobile, Inc.",88.10,88.10 USD,87.19,87.19 USD,1.46,-1.03,2026-05-19 19:59 EDT,https://finance.yahoo.com/quote/ASTS/,2026-05-20-stock-brief.md
2026-05-20,MU,"Micron Technology, Inc.",698.74,698.74 USD,705.40,705.40 USD,2.52,0.95,2026-05-19 19:59 EDT,https://finance.yahoo.com/quote/MU/,2026-05-20-stock-brief.md
2026-05-20,IREN,IREN LIMITED,47.74,47.74 USD,47.96,47.96 USD,-5.39,0.46,2026-05-19 19:59 EDT,https://finance.yahoo.com/quote/IREN/,2026-05-20-stock-brief.md
2026-05-20,EOSE,"Eos Energy Enterprises, Inc.",6.88,6.88 USD,6.90,6.90 USD,-7.40,0.29,2026-05-19 19:59 EDT,https://finance.yahoo.com/quote/EOSE/,2026-05-20-stock-brief.md
2026-05-20,GOOG,Alphabet Inc.,384.90,384.90 USD,385.06,385.06 USD,-2.09,0.04,2026-05-19 19:59 EDT,https://finance.yahoo.com/quote/GOOG/,2026-05-20-stock-brief.md
2026-05-20,DRAM,Roundhill Memory ETF,49.77,49.77 USD,50.01,50.01 USD,0.91,0.48,2026-05-19 19:59 EDT,https://finance.yahoo.com/quote/DRAM/,2026-05-20-stock-brief.md
2026-05-20,AMD,"Advanced Micro Devices, Inc.",414.05,414.05 USD,417.28,417.28 USD,-1.65,0.78,2026-05-19 19:59 EDT,https://finance.yahoo.com/quote/AMD/,2026-05-20-stock-brief.md
2026-05-20,ASML,ASML Holding N.V. - New York Re,1459.44,"1,459.44 USD",1470.00,"1,470.00 USD",-0.88,0.72,2026-05-19 19:59 EDT,https://finance.yahoo.com/quote/ASML/,2026-05-20-stock-brief.md
2026-05-21,INTC,Intel Corporation,118.96,118.96 USD,116.89,116.89 USD,7.36,-1.74,2026-05-20 19:59 EDT,https://finance.yahoo.com/quote/INTC/,2026-05-21-stock-brief.md
2026-05-21,AVGO,Broadcom Inc.,417.76,417.76 USD,416.95,416.95 USD,1.63,-0.19,2026-05-20 19:59 EDT,https://finance.yahoo.com/quote/AVGO/,2026-05-21-stock-brief.md
2026-05-21,RKLB,Rocket Lab Corporation,134.28,134.28 USD,123.08,123.08 USD,5.47,-8.34,2026-05-20 19:59 EDT,https://finance.yahoo.com/quote/RKLB/,2026-05-21-stock-brief.md
2026-05-21,AAPL,Apple Inc.,302.25,302.25 USD,301.01,301.01 USD,1.10,-0.41,2026-05-20 19:59 EDT,https://finance.yahoo.com/quote/AAPL/,2026-05-21-stock-brief.md
2026-05-21,NVDA,NVIDIA Corporation,223.47,223.47 USD,220.66,220.66 USD,1.30,-1.26,2026-05-20 19:59 EDT,https://finance.yahoo.com/quote/NVDA/,2026-05-21-stock-brief.md
2026-05-21,TSLA,"Tesla, Inc.",417.26,417.26 USD,414.75,414.75 USD,3.25,-0.60,2026-05-20 19:59 EDT,https://finance.yahoo.com/quote/TSLA/,2026-05-21-stock-brief.md
2026-05-21,SNDK,Sandisk Corporation,1392.56,"1,392.56 USD",1391.39,"1,391.39 USD",0.67,-0.08,2026-05-20 19:59 EDT,https://finance.yahoo.com/quote/SNDK/,2026-05-21-stock-brief.md
2026-05-21,QQQ,"Invesco QQQ Trust, Series 1",713.15,713.15 USD,708.26,708.26 USD,1.66,-0.69,2026-05-20 19:59 EDT,https://finance.yahoo.com/quote/QQQ/,2026-05-21-stock-brief.md
2026-05-21,SPY,State Street SPDR S&P 500 ETF T,741.25,741.25 USD,738.30,738.30 USD,1.02,-0.40,2026-05-20 19:59 EDT,https://finance.yahoo.com/quote/SPY/,2026-05-21-stock-brief.md
2026-05-21,JEPQ,JPMorgan Nasdaq Equity Premium,59.98,59.98 USD,59.97,59.97 USD,0.64,-0.02,2026-05-20 19:57 EDT,https://finance.yahoo.com/quote/JEPQ/,2026-05-21-stock-brief.md
2026-05-21,ASTS,"AST SpaceMobile, Inc.",89.58,89.58 USD,88.70,88.70 USD,1.68,-0.98,2026-05-20 19:59 EDT,https://finance.yahoo.com/quote/ASTS/,2026-05-21-stock-brief.md
2026-05-21,MU,"Micron Technology, Inc.",731.99,731.99 USD,726.00,726.00 USD,4.76,-0.82,2026-05-20 19:59 EDT,https://finance.yahoo.com/quote/MU/,2026-05-21-stock-brief.md
2026-05-21,IREN,IREN LIMITED,52.71,52.71 USD,52.16,52.16 USD,10.41,-1.04,2026-05-20 19:59 EDT,https://finance.yahoo.com/quote/IREN/,2026-05-21-stock-brief.md
2026-05-21,EOSE,"Eos Energy Enterprises, Inc.",7.11,7.11 USD,7.10,7.10 USD,3.34,-0.14,2026-05-20 19:58 EDT,https://finance.yahoo.com/quote/EOSE/,2026-05-21-stock-brief.md
2026-05-21,GOOG,Alphabet Inc.,384.90,384.90 USD,383.74,383.74 USD,0.00,-0.30,2026-05-20 19:59 EDT,https://finance.yahoo.com/quote/GOOG/,2026-05-21-stock-brief.md
2026-05-21,DRAM,Roundhill Memory ETF,51.51,51.51 USD,51.53,51.53 USD,3.50,0.05,2026-05-20 19:59 EDT,https://finance.yahoo.com/quote/DRAM/,2026-05-21-stock-brief.md
2026-05-21,AMD,"Advanced Micro Devices, Inc.",447.58,447.58 USD,439.69,439.69 USD,8.10,-1.76,2026-05-20 19:59 EDT,https://finance.yahoo.com/quote/AMD/,2026-05-21-stock-brief.md
2026-05-21,ASML,ASML Holding N.V. - New York Re,1550.13,"1,550.13 USD",1544.95,"1,544.95 USD",6.21,-0.33,2026-05-20 19:59 EDT,https://finance.yahoo.com/quote/ASML/,2026-05-21-stock-brief.md
2026-05-22,INTC,Intel Corporation,118.50,118.50 USD,119.35,119.35 USD,-0.39,0.72,2026-05-21 19:59 EDT,https://finance.yahoo.com/quote/INTC/,2026-05-22-stock-brief.md
2026-05-22,AVGO,Broadcom Inc.,414.57,414.57 USD,416.09,416.09 USD,-0.76,0.37,2026-05-21 19:59 EDT,https://finance.yahoo.com/quote/AVGO/,2026-05-22-stock-brief.md
2026-05-22,RKLB,Rocket Lab Corporation,125.45,125.45 USD,126.31,126.31 USD,-6.58,0.69,2026-05-21 19:59 EDT,https://finance.yahoo.com/quote/RKLB/,2026-05-22-stock-brief.md
2026-05-22,AAPL,Apple Inc.,304.99,304.99 USD,306.00,306.00 USD,0.91,0.33,2026-05-21 19:59 EDT,https://finance.yahoo.com/quote/AAPL/,2026-05-22-stock-brief.md
2026-05-22,NVDA,NVIDIA Corporation,219.51,219.51 USD,220.12,220.12 USD,-1.77,0.28,2026-05-21 19:59 EDT,https://finance.yahoo.com/quote/NVDA/,2026-05-22-stock-brief.md
2026-05-22,TSLA,"Tesla, Inc.",417.85,417.85 USD,418.39,418.39 USD,0.14,0.13,2026-05-21 19:59 EDT,https://finance.yahoo.com/quote/TSLA/,2026-05-22-stock-brief.md
2026-05-22,SNDK,Sandisk Corporation,1542.24,"1,542.24 USD",1535.01,"1,535.01 USD",10.75,-0.47,2026-05-21 19:59 EDT,https://finance.yahoo.com/quote/SNDK/,2026-05-22-stock-brief.md
2026-05-22,QQQ,"Invesco QQQ Trust, Series 1",714.51,714.51 USD,716.94,716.94 USD,0.19,0.34,2026-05-21 19:59 EDT,https://finance.yahoo.com/quote/QQQ/,2026-05-22-stock-brief.md
2026-05-22,SPY,State Street SPDR S&P 500 ETF T,742.72,742.72 USD,744.13,744.13 USD,0.20,0.19,2026-05-21 19:59 EDT,https://finance.yahoo.com/quote/SPY/,2026-05-22-stock-brief.md
2026-05-22,JEPQ,JPMorgan Nasdaq Equity Premium,60.11,60.11 USD,60.16,60.16 USD,0.22,0.09,2026-05-21 19:56 EDT,https://finance.yahoo.com/quote/JEPQ/,2026-05-22-stock-brief.md
2026-05-22,ASTS,"AST SpaceMobile, Inc.",96.23,96.23 USD,95.78,95.78 USD,7.42,-0.47,2026-05-21 19:59 EDT,https://finance.yahoo.com/quote/ASTS/,2026-05-22-stock-brief.md
2026-05-22,MU,"Micron Technology, Inc.",762.10,762.10 USD,761.23,761.23 USD,4.11,-0.11,2026-05-21 19:59 EDT,https://finance.yahoo.com/quote/MU/,2026-05-22-stock-brief.md
2026-05-22,IREN,IREN LIMITED,58.06,58.06 USD,57.90,57.90 USD,10.15,-0.28,2026-05-21 19:59 EDT,https://finance.yahoo.com/quote/IREN/,2026-05-22-stock-brief.md
2026-05-22,EOSE,"Eos Energy Enterprises, Inc.",8.17,8.17 USD,8.20,8.20 USD,14.91,0.37,2026-05-21 19:59 EDT,https://finance.yahoo.com/quote/EOSE/,2026-05-22-stock-brief.md
2026-05-22,GOOG,Alphabet Inc.,383.47,383.47 USD,385.00,385.00 USD,-0.37,0.40,2026-05-21 19:59 EDT,https://finance.yahoo.com/quote/GOOG/,2026-05-22-stock-brief.md
2026-05-22,DRAM,Roundhill Memory ETF,54.34,54.34 USD,54.75,54.75 USD,5.49,0.75,2026-05-21 19:59 EDT,https://finance.yahoo.com/quote/DRAM/,2026-05-22-stock-brief.md
2026-05-22,AMD,"Advanced Micro Devices, Inc.",449.59,449.59 USD,452.55,452.55 USD,0.45,0.66,2026-05-21 19:59 EDT,https://finance.yahoo.com/quote/AMD/,2026-05-22-stock-brief.md
2026-05-22,ASML,ASML Holding N.V. - New York Re,1592.00,"1,592.00 USD",1595.99,"1,595.99 USD",2.70,0.25,2026-05-21 19:59 EDT,https://finance.yahoo.com/quote/ASML/,2026-05-22-stock-brief.md
2026-05-23,INTC,Intel Corporation,119.84,119.84 USD,118.15,118.15 USD,1.13,-1.41,2026-05-22 19:59 EDT,https://finance.yahoo.com/quote/INTC/,2026-05-23-stock-brief.md
2026-05-23,AVGO,Broadcom Inc.,414.14,414.14 USD,412.85,412.85 USD,-0.10,-0.31,2026-05-22 19:59 EDT,https://finance.yahoo.com/quote/AVGO/,2026-05-23-stock-brief.md
2026-05-23,RKLB,Rocket Lab Corporation,135.76,135.76 USD,134.15,134.15 USD,8.22,-1.19,2026-05-22 19:59 EDT,https://finance.yahoo.com/quote/RKLB/,2026-05-23-stock-brief.md
2026-05-23,AAPL,Apple Inc.,308.82,308.82 USD,308.40,308.40 USD,1.26,-0.14,2026-05-22 19:59 EDT,https://finance.yahoo.com/quote/AAPL/,2026-05-23-stock-brief.md
2026-05-23,NVDA,NVIDIA Corporation,215.33,215.33 USD,214.30,214.30 USD,-1.90,-0.48,2026-05-22 19:59 EDT,https://finance.yahoo.com/quote/NVDA/,2026-05-23-stock-brief.md
2026-05-23,TSLA,"Tesla, Inc.",426.01,426.01 USD,423.68,423.68 USD,1.95,-0.55,2026-05-22 19:59 EDT,https://finance.yahoo.com/quote/TSLA/,2026-05-23-stock-brief.md
2026-05-23,SNDK,Sandisk Corporation,1478.69,"1,478.69 USD",1466.96,"1,466.96 USD",-4.12,-0.79,2026-05-22 19:59 EDT,https://finance.yahoo.com/quote/SNDK/,2026-05-23-stock-brief.md
2026-05-23,QQQ,"Invesco QQQ Trust, Series 1",717.54,717.54 USD,715.31,715.31 USD,0.42,-0.31,2026-05-22 19:59 EDT,https://finance.yahoo.com/quote/QQQ/,2026-05-23-stock-brief.md
2026-05-23,SPY,State Street SPDR S&P 500 ETF T,745.64,745.64 USD,743.74,743.74 USD,0.39,-0.25,2026-05-22 19:59 EDT,https://finance.yahoo.com/quote/SPY/,2026-05-23-stock-brief.md
2026-05-23,JEPQ,JPMorgan Nasdaq Equity Premium,60.21,60.21 USD,60.26,60.26 USD,0.17,0.08,2026-05-22 19:59 EDT,https://finance.yahoo.com/quote/JEPQ/,2026-05-23-stock-brief.md
2026-05-23,ASTS,"AST SpaceMobile, Inc.",105.86,105.86 USD,105.60,105.60 USD,10.01,-0.25,2026-05-22 19:59 EDT,https://finance.yahoo.com/quote/ASTS/,2026-05-23-stock-brief.md
2026-05-23,MU,"Micron Technology, Inc.",751.00,751.00 USD,745.56,745.56 USD,-1.46,-0.72,2026-05-22 19:59 EDT,https://finance.yahoo.com/quote/MU/,2026-05-23-stock-brief.md
2026-05-23,IREN,IREN LIMITED,56.83,56.83 USD,56.23,56.23 USD,-2.12,-1.05,2026-05-22 19:59 EDT,https://finance.yahoo.com/quote/IREN/,2026-05-23-stock-brief.md
2026-05-23,EOSE,"Eos Energy Enterprises, Inc.",8.06,8.06 USD,7.97,7.97 USD,-1.35,-1.12,2026-05-22 19:59 EDT,https://finance.yahoo.com/quote/EOSE/,2026-05-23-stock-brief.md
2026-05-23,GOOG,Alphabet Inc.,379.38,379.38 USD,378.40,378.40 USD,-1.07,-0.26,2026-05-22 19:59 EDT,https://finance.yahoo.com/quote/GOOG/,2026-05-23-stock-brief.md
2026-05-23,DRAM,Roundhill Memory ETF,52.82,52.82 USD,52.56,52.56 USD,-2.80,-0.49,2026-05-22 19:59 EDT,https://finance.yahoo.com/quote/DRAM/,2026-05-23-stock-brief.md
2026-05-23,AMD,"Advanced Micro Devices, Inc.",467.51,467.51 USD,462.75,462.75 USD,3.99,-1.02,2026-05-22 19:59 EDT,https://finance.yahoo.com/quote/AMD/,2026-05-23-stock-brief.md
2026-05-23,ASML,ASML Holding N.V. - New York Re,1632.90,"1,632.90 USD",1628.07,"1,628.07 USD",2.57,-0.30,2026-05-22 19:58 EDT,https://finance.yahoo.com/quote/ASML/,2026-05-23-stock-brief.md
2026-05-24,INTC,Intel Corporation,119.84,119.84 USD,118.15,118.15 USD,1.13,-1.41,2026-05-22 19:59 EDT,https://finance.yahoo.com/quote/INTC/,2026-05-24-stock-brief.md
2026-05-24,AVGO,Broadcom Inc.,414.14,414.14 USD,412.85,412.85 USD,-0.10,-0.31,2026-05-22 19:59 EDT,https://finance.yahoo.com/quote/AVGO/,2026-05-24-stock-brief.md
2026-05-24,RKLB,Rocket Lab Corporation,135.76,135.76 USD,134.15,134.15 USD,8.22,-1.19,2026-05-22 19:59 EDT,https://finance.yahoo.com/quote/RKLB/,2026-05-24-stock-brief.md
2026-05-24,AAPL,Apple Inc.,308.82,308.82 USD,308.40,308.40 USD,1.26,-0.14,2026-05-22 19:59 EDT,https://finance.yahoo.com/quote/AAPL/,2026-05-24-stock-brief.md
2026-05-24,NVDA,NVIDIA Corporation,215.33,215.33 USD,214.30,214.30 USD,-1.90,-0.48,2026-05-22 19:59 EDT,https://finance.yahoo.com/quote/NVDA/,2026-05-24-stock-brief.md
2026-05-24,TSLA,"Tesla, Inc.",426.01,426.01 USD,423.68,423.68 USD,1.95,-0.55,2026-05-22 19:59 EDT,https://finance.yahoo.com/quote/TSLA/,2026-05-24-stock-brief.md
2026-05-24,SNDK,Sandisk Corporation,1478.69,"1,478.69 USD",1466.96,"1,466.96 USD",-4.12,-0.79,2026-05-22 19:59 EDT,https://finance.yahoo.com/quote/SNDK/,2026-05-24-stock-brief.md
2026-05-24,QQQ,"Invesco QQQ Trust, Series 1",717.54,717.54 USD,715.31,715.31 USD,0.42,-0.31,2026-05-22 19:59 EDT,https://finance.yahoo.com/quote/QQQ/,2026-05-24-stock-brief.md
2026-05-24,SPY,State Street SPDR S&P 500 ETF T,745.64,745.64 USD,743.74,743.74 USD,0.39,-0.25,2026-05-22 19:59 EDT,https://finance.yahoo.com/quote/SPY/,2026-05-24-stock-brief.md
2026-05-24,JEPQ,JPMorgan Nasdaq Equity Premium,60.21,60.21 USD,60.26,60.26 USD,0.17,0.08,2026-05-22 19:59 EDT,https://finance.yahoo.com/quote/JEPQ/,2026-05-24-stock-brief.md
2026-05-24,ASTS,"AST SpaceMobile, Inc.",105.86,105.86 USD,105.60,105.60 USD,10.01,-0.25,2026-05-22 19:59 EDT,https://finance.yahoo.com/quote/ASTS/,2026-05-24-stock-brief.md
2026-05-24,MU,"Micron Technology, Inc.",751.00,751.00 USD,745.56,745.56 USD,-1.46,-0.72,2026-05-22 19:59 EDT,https://finance.yahoo.com/quote/MU/,2026-05-24-stock-brief.md
2026-05-24,IREN,IREN LIMITED,56.83,56.83 USD,56.23,56.23 USD,-2.12,-1.05,2026-05-22 19:59 EDT,https://finance.yahoo.com/quote/IREN/,2026-05-24-stock-brief.md
2026-05-24,EOSE,"Eos Energy Enterprises, Inc.",8.06,8.06 USD,7.97,7.97 USD,-1.35,-1.12,2026-05-22 19:59 EDT,https://finance.yahoo.com/quote/EOSE/,2026-05-24-stock-brief.md
2026-05-24,GOOG,Alphabet Inc.,379.38,379.38 USD,378.40,378.40 USD,-1.07,-0.26,2026-05-22 19:59 EDT,https://finance.yahoo.com/quote/GOOG/,2026-05-24-stock-brief.md
2026-05-24,DRAM,Roundhill Memory ETF,52.82,52.82 USD,52.56,52.56 USD,-2.80,-0.49,2026-05-22 19:59 EDT,https://finance.yahoo.com/quote/DRAM/,2026-05-24-stock-brief.md
2026-05-24,AMD,"Advanced Micro Devices, Inc.",467.51,467.51 USD,462.75,462.75 USD,3.99,-1.02,2026-05-22 19:59 EDT,https://finance.yahoo.com/quote/AMD/,2026-05-24-stock-brief.md
2026-05-24,ASML,ASML Holding N.V. - New York Re,1632.90,"1,632.90 USD",1628.07,"1,628.07 USD",2.57,-0.30,2026-05-22 19:58 EDT,https://finance.yahoo.com/quote/ASML/,2026-05-24-stock-brief.md
2026-05-25,INTC,Intel Corporation,119.84,119.84 USD,118.15,118.15 USD,1.13,-1.41,2026-05-22 19:59 EDT,https://finance.yahoo.com/quote/INTC/,2026-05-25-stock-brief.md
2026-05-25,AVGO,Broadcom Inc.,414.14,414.14 USD,412.85,412.85 USD,-0.10,-0.31,2026-05-22 19:59 EDT,https://finance.yahoo.com/quote/AVGO/,2026-05-25-stock-brief.md
2026-05-25,RKLB,Rocket Lab Corporation,135.76,135.76 USD,134.15,134.15 USD,8.22,-1.19,2026-05-22 19:59 EDT,https://finance.yahoo.com/quote/RKLB/,2026-05-25-stock-brief.md
2026-05-25,AAPL,Apple Inc.,308.82,308.82 USD,308.40,308.40 USD,1.26,-0.14,2026-05-22 19:59 EDT,https://finance.yahoo.com/quote/AAPL/,2026-05-25-stock-brief.md
2026-05-25,NVDA,NVIDIA Corporation,215.33,215.33 USD,214.30,214.30 USD,-1.90,-0.48,2026-05-22 19:59 EDT,https://finance.yahoo.com/quote/NVDA/,2026-05-25-stock-brief.md
2026-05-25,TSLA,"Tesla, Inc.",426.01,426.01 USD,423.68,423.68 USD,1.95,-0.55,2026-05-22 19:59 EDT,https://finance.yahoo.com/quote/TSLA/,2026-05-25-stock-brief.md
2026-05-25,SNDK,Sandisk Corporation,1478.69,"1,478.69 USD",1466.96,"1,466.96 USD",-4.12,-0.79,2026-05-22 19:59 EDT,https://finance.yahoo.com/quote/SNDK/,2026-05-25-stock-brief.md
2026-05-25,QQQ,"Invesco QQQ Trust, Series 1",717.54,717.54 USD,715.31,715.31 USD,0.42,-0.31,2026-05-22 19:59 EDT,https://finance.yahoo.com/quote/QQQ/,2026-05-25-stock-brief.md
2026-05-25,SPY,State Street SPDR S&P 500 ETF T,745.64,745.64 USD,743.74,743.74 USD,0.39,-0.25,2026-05-22 19:59 EDT,https://finance.yahoo.com/quote/SPY/,2026-05-25-stock-brief.md
2026-05-25,JEPQ,JPMorgan Nasdaq Equity Premium,60.21,60.21 USD,60.26,60.26 USD,0.17,0.08,2026-05-22 19:59 EDT,https://finance.yahoo.com/quote/JEPQ/,2026-05-25-stock-brief.md
2026-05-25,ASTS,"AST SpaceMobile, Inc.",105.86,105.86 USD,105.60,105.60 USD,10.01,-0.25,2026-05-22 19:59 EDT,https://finance.yahoo.com/quote/ASTS/,2026-05-25-stock-brief.md
2026-05-25,MU,"Micron Technology, Inc.",751.00,751.00 USD,745.56,745.56 USD,-1.46,-0.72,2026-05-22 19:59 EDT,https://finance.yahoo.com/quote/MU/,2026-05-25-stock-brief.md
2026-05-25,IREN,IREN LIMITED,56.83,56.83 USD,56.23,56.23 USD,-2.12,-1.05,2026-05-22 19:59 EDT,https://finance.yahoo.com/quote/IREN/,2026-05-25-stock-brief.md
2026-05-25,EOSE,"Eos Energy Enterprises, Inc.",8.06,8.06 USD,7.97,7.97 USD,-1.35,-1.12,2026-05-22 19:59 EDT,https://finance.yahoo.com/quote/EOSE/,2026-05-25-stock-brief.md
2026-05-25,GOOG,Alphabet Inc.,379.38,379.38 USD,378.40,378.40 USD,-1.07,-0.26,2026-05-22 19:59 EDT,https://finance.yahoo.com/quote/GOOG/,2026-05-25-stock-brief.md
2026-05-25,DRAM,Roundhill Memory ETF,52.82,52.82 USD,52.56,52.56 USD,-2.80,-0.49,2026-05-22 19:59 EDT,https://finance.yahoo.com/quote/DRAM/,2026-05-25-stock-brief.md
2026-05-25,AMD,"Advanced Micro Devices, Inc.",467.51,467.51 USD,462.75,462.75 USD,3.99,-1.02,2026-05-22 19:59 EDT,https://finance.yahoo.com/quote/AMD/,2026-05-25-stock-brief.md
2026-05-25,ASML,ASML Holding N.V. - New York Re,1632.90,"1,632.90 USD",1628.07,"1,628.07 USD",2.57,-0.30,2026-05-22 19:58 EDT,https://finance.yahoo.com/quote/ASML/,2026-05-25-stock-brief.md
2026-05-26,INTC,Intel Corporation,119.84,119.84 USD,118.15,118.15 USD,1.13,-1.41,2026-05-22 19:59 EDT,https://finance.yahoo.com/quote/INTC/,2026-05-26-stock-brief.md
2026-05-26,AVGO,Broadcom Inc.,414.14,414.14 USD,412.85,412.85 USD,-0.10,-0.31,2026-05-22 19:59 EDT,https://finance.yahoo.com/quote/AVGO/,2026-05-26-stock-brief.md
2026-05-26,RKLB,Rocket Lab Corporation,135.76,135.76 USD,134.15,134.15 USD,8.22,-1.19,2026-05-22 19:59 EDT,https://finance.yahoo.com/quote/RKLB/,2026-05-26-stock-brief.md
2026-05-26,AAPL,Apple Inc.,308.82,308.82 USD,308.40,308.40 USD,1.26,-0.14,2026-05-22 19:59 EDT,https://finance.yahoo.com/quote/AAPL/,2026-05-26-stock-brief.md
2026-05-26,NVDA,NVIDIA Corporation,215.33,215.33 USD,214.30,214.30 USD,-1.90,-0.48,2026-05-22 19:59 EDT,https://finance.yahoo.com/quote/NVDA/,2026-05-26-stock-brief.md
2026-05-26,TSLA,"Tesla, Inc.",426.01,426.01 USD,423.68,423.68 USD,1.95,-0.55,2026-05-22 19:59 EDT,https://finance.yahoo.com/quote/TSLA/,2026-05-26-stock-brief.md
2026-05-26,SNDK,Sandisk Corporation,1478.69,"1,478.69 USD",1466.96,"1,466.96 USD",-4.12,-0.79,2026-05-22 19:59 EDT,https://finance.yahoo.com/quote/SNDK/,2026-05-26-stock-brief.md
2026-05-26,QQQ,"Invesco QQQ Trust, Series 1",717.54,717.54 USD,715.31,715.31 USD,0.42,-0.31,2026-05-22 19:59 EDT,https://finance.yahoo.com/quote/QQQ/,2026-05-26-stock-brief.md
2026-05-26,SPY,State Street SPDR S&P 500 ETF T,745.64,745.64 USD,743.74,743.74 USD,0.39,-0.25,2026-05-22 19:59 EDT,https://finance.yahoo.com/quote/SPY/,2026-05-26-stock-brief.md
2026-05-26,JEPQ,JPMorgan Nasdaq Equity Premium,60.21,60.21 USD,60.26,60.26 USD,0.17,0.08,2026-05-22 19:59 EDT,https://finance.yahoo.com/quote/JEPQ/,2026-05-26-stock-brief.md
2026-05-26,ASTS,"AST SpaceMobile, Inc.",105.86,105.86 USD,105.60,105.60 USD,10.01,-0.25,2026-05-22 19:59 EDT,https://finance.yahoo.com/quote/ASTS/,2026-05-26-stock-brief.md
2026-05-26,MU,"Micron Technology, Inc.",751.00,751.00 USD,745.56,745.56 USD,-1.46,-0.72,2026-05-22 19:59 EDT,https://finance.yahoo.com/quote/MU/,2026-05-26-stock-brief.md
2026-05-26,IREN,IREN LIMITED,56.83,56.83 USD,56.23,56.23 USD,-2.12,-1.05,2026-05-22 19:59 EDT,https://finance.yahoo.com/quote/IREN/,2026-05-26-stock-brief.md
2026-05-26,EOSE,"Eos Energy Enterprises, Inc.",8.06,8.06 USD,7.97,7.97 USD,-1.35,-1.12,2026-05-22 19:59 EDT,https://finance.yahoo.com/quote/EOSE/,2026-05-26-stock-brief.md
2026-05-26,GOOG,Alphabet Inc.,379.38,379.38 USD,378.40,378.40 USD,-1.07,-0.26,2026-05-22 19:59 EDT,https://finance.yahoo.com/quote/GOOG/,2026-05-26-stock-brief.md
2026-05-26,DRAM,Roundhill Memory ETF,52.82,52.82 USD,52.56,52.56 USD,-2.80,-0.49,2026-05-22 19:59 EDT,https://finance.yahoo.com/quote/DRAM/,2026-05-26-stock-brief.md
2026-05-26,AMD,"Advanced Micro Devices, Inc.",467.51,467.51 USD,462.75,462.75 USD,3.99,-1.02,2026-05-22 19:59 EDT,https://finance.yahoo.com/quote/AMD/,2026-05-26-stock-brief.md
2026-05-26,ASML,ASML Holding N.V. - New York Re,1632.90,"1,632.90 USD",1628.07,"1,628.07 USD",2.57,-0.30,2026-05-22 19:58 EDT,https://finance.yahoo.com/quote/ASML/,2026-05-26-stock-brief.md
2026-05-27,INTC,Intel Corporation,123.52,123.52 USD,123.09,123.09 USD,3.07,-0.34,2026-05-26 19:59 EDT,https://finance.yahoo.com/quote/INTC/,2026-05-27-stock-brief.md
2026-05-27,AVGO,Broadcom Inc.,422.01,422.01 USD,423.95,423.95 USD,1.90,0.46,2026-05-26 19:59 EDT,https://finance.yahoo.com/quote/AVGO/,2026-05-27-stock-brief.md
2026-05-27,RKLB,Rocket Lab Corporation,143.20,143.20 USD,144.10,144.10 USD,5.48,0.63,2026-05-26 19:59 EDT,https://finance.yahoo.com/quote/RKLB/,2026-05-27-stock-brief.md
2026-05-27,AAPL,Apple Inc.,308.33,308.33 USD,308.72,308.72 USD,-0.16,0.13,2026-05-26 19:59 EDT,https://finance.yahoo.com/quote/AAPL/,2026-05-27-stock-brief.md
2026-05-27,NVDA,NVIDIA Corporation,214.86,214.86 USD,213.95,213.95 USD,-0.22,-0.42,2026-05-26 19:59 EDT,https://finance.yahoo.com/quote/NVDA/,2026-05-27-stock-brief.md
2026-05-27,TSLA,"Tesla, Inc.",433.59,433.59 USD,435.37,435.37 USD,1.78,0.41,2026-05-26 19:59 EDT,https://finance.yahoo.com/quote/TSLA/,2026-05-27-stock-brief.md
2026-05-27,SNDK,Sandisk Corporation,1589.55,"1,589.55 USD",1617.31,"1,617.31 USD",7.50,1.75,2026-05-26 19:59 EDT,https://finance.yahoo.com/quote/SNDK/,2026-05-27-stock-brief.md
2026-05-27,QQQ,"Invesco QQQ Trust, Series 1",730.28,730.28 USD,730.65,730.65 USD,1.78,0.05,2026-05-26 19:59 EDT,https://finance.yahoo.com/quote/QQQ/,2026-05-27-stock-brief.md
2026-05-27,SPY,State Street SPDR S&P 500 ETF T,750.59,750.59 USD,750.89,750.89 USD,0.66,0.04,2026-05-26 19:59 EDT,https://finance.yahoo.com/quote/SPY/,2026-05-27-stock-brief.md
2026-05-27,JEPQ,JPMorgan Nasdaq Equity Premium,60.60,60.60 USD,60.64,60.64 USD,0.65,0.07,2026-05-26 19:58 EDT,https://finance.yahoo.com/quote/JEPQ/,2026-05-27-stock-brief.md
2026-05-27,ASTS,"AST SpaceMobile, Inc.",119.70,119.70 USD,123.17,123.17 USD,13.07,2.90,2026-05-26 19:59 EDT,https://finance.yahoo.com/quote/ASTS/,2026-05-27-stock-brief.md
2026-05-27,MU,"Micron Technology, Inc.",895.88,895.88 USD,914.75,914.75 USD,19.29,2.11,2026-05-26 19:59 EDT,https://finance.yahoo.com/quote/MU/,2026-05-27-stock-brief.md
2026-05-27,IREN,IREN LIMITED,59.78,59.78 USD,60.50,60.50 USD,5.19,1.20,2026-05-26 19:59 EDT,https://finance.yahoo.com/quote/IREN/,2026-05-27-stock-brief.md
2026-05-27,EOSE,"Eos Energy Enterprises, Inc.",8.73,8.73 USD,8.85,8.85 USD,8.31,1.37,2026-05-26 19:59 EDT,https://finance.yahoo.com/quote/EOSE/,2026-05-27-stock-brief.md
2026-05-27,GOOG,Alphabet Inc.,384.84,384.84 USD,384.61,384.61 USD,1.44,-0.06,2026-05-26 19:59 EDT,https://finance.yahoo.com/quote/GOOG/,2026-05-27-stock-brief.md
2026-05-27,DRAM,Roundhill Memory ETF,60.51,60.51 USD,62.19,62.19 USD,14.56,2.78,2026-05-26 19:59 EDT,https://finance.yahoo.com/quote/DRAM/,2026-05-27-stock-brief.md
2026-05-27,AMD,"Advanced Micro Devices, Inc.",503.89,503.89 USD,508.15,508.15 USD,7.78,0.85,2026-05-26 19:59 EDT,https://finance.yahoo.com/quote/AMD/,2026-05-27-stock-brief.md
2026-05-27,ASML,ASML Holding N.V. - New York Re,1632.03,"1,632.03 USD",1633.50,"1,633.50 USD",-0.05,0.09,2026-05-26 19:58 EDT,https://finance.yahoo.com/quote/ASML/,2026-05-27-stock-brief.md
2026-05-28,INTC,Intel Corporation,121.77,121.77 USD,119.70,119.70 USD,-1.42,-1.70,2026-05-27 19:59 EDT,https://finance.yahoo.com/quote/INTC/,2026-05-28-stock-brief.md
2026-05-28,AVGO,Broadcom Inc.,421.86,421.86 USD,421.00,421.00 USD,-0.04,-0.20,2026-05-27 19:59 EDT,https://finance.yahoo.com/quote/AVGO/,2026-05-28-stock-brief.md
2026-05-28,RKLB,Rocket Lab Corporation,150.23,150.23 USD,148.90,148.90 USD,4.91,-0.89,2026-05-27 19:59 EDT,https://finance.yahoo.com/quote/RKLB/,2026-05-28-stock-brief.md
2026-05-28,AAPL,Apple Inc.,310.85,310.85 USD,310.60,310.60 USD,0.82,-0.08,2026-05-27 19:59 EDT,https://finance.yahoo.com/quote/AAPL/,2026-05-28-stock-brief.md
2026-05-28,NVDA,NVIDIA Corporation,212.60,212.60 USD,211.74,211.74 USD,-1.05,-0.40,2026-05-27 19:59 EDT,https://finance.yahoo.com/quote/NVDA/,2026-05-28-stock-brief.md
2026-05-28,TSLA,"Tesla, Inc.",440.36,440.36 USD,438.13,438.13 USD,1.56,-0.51,2026-05-27 19:59 EDT,https://finance.yahoo.com/quote/TSLA/,2026-05-28-stock-brief.md
2026-05-28,SNDK,Sandisk Corporation,1589.94,"1,589.94 USD",1556.32,"1,556.32 USD",0.02,-2.11,2026-05-27 19:59 EDT,https://finance.yahoo.com/quote/SNDK/,2026-05-28-stock-brief.md
2026-05-28,QQQ,"Invesco QQQ Trust, Series 1",729.45,729.45 USD,727.82,727.82 USD,-0.11,-0.22,2026-05-27 19:59 EDT,https://finance.yahoo.com/quote/QQQ/,2026-05-28-stock-brief.md
2026-05-28,SPY,State Street SPDR S&P 500 ETF T,750.46,750.46 USD,750.05,750.05 USD,-0.02,-0.05,2026-05-27 19:59 EDT,https://finance.yahoo.com/quote/SPY/,2026-05-28-stock-brief.md
2026-05-28,JEPQ,JPMorgan Nasdaq Equity Premium,60.76,60.76 USD,60.80,60.80 USD,0.26,0.07,2026-05-27 19:59 EDT,https://finance.yahoo.com/quote/JEPQ/,2026-05-28-stock-brief.md
2026-05-28,ASTS,"AST SpaceMobile, Inc.",129.60,129.60 USD,126.84,126.84 USD,8.27,-2.13,2026-05-27 19:59 EDT,https://finance.yahoo.com/quote/ASTS/,2026-05-28-stock-brief.md
2026-05-28,MU,"Micron Technology, Inc.",928.41,928.41 USD,904.88,904.88 USD,3.63,-2.53,2026-05-27 19:59 EDT,https://finance.yahoo.com/quote/MU/,2026-05-28-stock-brief.md
2026-05-28,IREN,IREN LIMITED,67.84,67.84 USD,67.12,67.12 USD,13.48,-1.06,2026-05-27 19:59 EDT,https://finance.yahoo.com/quote/IREN/,2026-05-28-stock-brief.md
2026-05-28,EOSE,"Eos Energy Enterprises, Inc.",8.61,8.61 USD,8.60,8.60 USD,-1.37,-0.08,2026-05-27 19:59 EDT,https://finance.yahoo.com/quote/EOSE/,2026-05-28-stock-brief.md
2026-05-28,GOOG,Alphabet Inc.,384.83,384.83 USD,385.07,385.07 USD,-0.00,0.06,2026-05-27 19:59 EDT,https://finance.yahoo.com/quote/GOOG/,2026-05-28-stock-brief.md
2026-05-28,DRAM,Roundhill Memory ETF,60.73,60.73 USD,59.70,59.70 USD,0.36,-1.70,2026-05-27 19:59 EDT,https://finance.yahoo.com/quote/DRAM/,2026-05-28-stock-brief.md
2026-05-28,AMD,"Advanced Micro Devices, Inc.",495.54,495.54 USD,490.00,490.00 USD,-1.66,-1.12,2026-05-27 19:59 EDT,https://finance.yahoo.com/quote/AMD/,2026-05-28-stock-brief.md
2026-05-28,ASML,ASML Holding N.V. - New York Re,1597.87,"1,597.87 USD",1597.00,"1,597.00 USD",-2.09,-0.05,2026-05-27 19:59 EDT,https://finance.yahoo.com/quote/ASML/,2026-05-28-stock-brief.md
2026-05-29,INTC,Intel Corporation,120.89,120.89 USD,120.92,120.92 USD,-0.72,0.02,2026-05-28 19:59 EDT,https://finance.yahoo.com/quote/INTC/,2026-05-29-stock-brief.md
2026-05-29,AVGO,Broadcom Inc.,426.58,426.58 USD,431.40,431.40 USD,1.12,1.13,2026-05-28 19:59 EDT,https://finance.yahoo.com/quote/AVGO/,2026-05-29-stock-brief.md
2026-05-29,RKLB,Rocket Lab Corporation,148.03,148.03 USD,147.19,147.19 USD,-1.46,-0.57,2026-05-28 19:59 EDT,https://finance.yahoo.com/quote/RKLB/,2026-05-29-stock-brief.md
2026-05-29,AAPL,Apple Inc.,312.51,312.51 USD,311.84,311.84 USD,0.53,-0.22,2026-05-28 19:59 EDT,https://finance.yahoo.com/quote/AAPL/,2026-05-29-stock-brief.md
2026-05-29,NVDA,NVIDIA Corporation,214.25,214.25 USD,214.15,214.15 USD,0.78,-0.05,2026-05-28 19:59 EDT,https://finance.yahoo.com/quote/NVDA/,2026-05-29-stock-brief.md
2026-05-29,TSLA,"Tesla, Inc.",442.10,442.10 USD,440.27,440.27 USD,0.40,-0.41,2026-05-28 19:59 EDT,https://finance.yahoo.com/quote/TSLA/,2026-05-29-stock-brief.md
2026-05-29,SNDK,Sandisk Corporation,1641.64,"1,641.64 USD",1648.00,"1,648.00 USD",3.25,0.39,2026-05-28 19:59 EDT,https://finance.yahoo.com/quote/SNDK/,2026-05-29-stock-brief.md
2026-05-29,QQQ,"Invesco QQQ Trust, Series 1",735.60,735.60 USD,735.54,735.54 USD,0.84,-0.01,2026-05-28 19:59 EDT,https://finance.yahoo.com/quote/QQQ/,2026-05-29-stock-brief.md
2026-05-29,SPY,State Street SPDR S&P 500 ETF T,754.60,754.60 USD,755.05,755.05 USD,0.55,0.06,2026-05-28 19:59 EDT,https://finance.yahoo.com/quote/SPY/,2026-05-29-stock-brief.md
2026-05-29,JEPQ,JPMorgan Nasdaq Equity Premium,60.95,60.95 USD,61.03,61.03 USD,0.31,0.13,2026-05-28 19:59 EDT,https://finance.yahoo.com/quote/JEPQ/,2026-05-29-stock-brief.md
2026-05-29,ASTS,"AST SpaceMobile, Inc.",133.09,133.09 USD,130.96,130.96 USD,2.69,-1.60,2026-05-28 19:59 EDT,https://finance.yahoo.com/quote/ASTS/,2026-05-29-stock-brief.md
2026-05-29,MU,"Micron Technology, Inc.",923.52,923.52 USD,935.87,935.87 USD,-0.53,1.34,2026-05-28 19:59 EDT,https://finance.yahoo.com/quote/MU/,2026-05-29-stock-brief.md
2026-05-29,IREN,IREN LIMITED,64.05,64.05 USD,64.66,64.66 USD,-5.59,0.95,2026-05-28 19:59 EDT,https://finance.yahoo.com/quote/IREN/,2026-05-29-stock-brief.md
2026-05-29,EOSE,"Eos Energy Enterprises, Inc.",8.99,8.99 USD,9.00,9.00 USD,4.41,0.11,2026-05-28 19:59 EDT,https://finance.yahoo.com/quote/EOSE/,2026-05-29-stock-brief.md
2026-05-29,GOOG,Alphabet Inc.,386.12,386.12 USD,385.42,385.42 USD,0.34,-0.18,2026-05-28 19:59 EDT,https://finance.yahoo.com/quote/GOOG/,2026-05-29-stock-brief.md
2026-05-29,DRAM,Roundhill Memory ETF,62.57,62.57 USD,63.05,63.05 USD,3.03,0.77,2026-05-28 19:59 EDT,https://finance.yahoo.com/quote/DRAM/,2026-05-29-stock-brief.md
2026-05-29,AMD,"Advanced Micro Devices, Inc.",518.09,518.09 USD,521.66,521.66 USD,4.55,0.69,2026-05-28 19:59 EDT,https://finance.yahoo.com/quote/AMD/,2026-05-29-stock-brief.md
2026-05-29,ASML,ASML Holding N.V. - New York Re,1605.77,"1,605.77 USD",1612.60,"1,612.60 USD",0.49,0.43,2026-05-28 19:56 EDT,https://finance.yahoo.com/quote/ASML/,2026-05-29-stock-brief.md
2026-05-30,INTC,Intel Corporation,114.68,114.68 USD,115.33,115.33 USD,-5.14,0.56,2026-05-29 19:59 EDT,https://finance.yahoo.com/quote/INTC/,2026-05-30-stock-brief.md
2026-05-30,AVGO,Broadcom Inc.,446.77,446.77 USD,446.40,446.40 USD,4.73,-0.08,2026-05-29 19:59 EDT,https://finance.yahoo.com/quote/AVGO/,2026-05-30-stock-brief.md
2026-05-30,RKLB,Rocket Lab Corporation,143.48,143.48 USD,142.28,142.28 USD,-3.07,-0.84,2026-05-29 19:59 EDT,https://finance.yahoo.com/quote/RKLB/,2026-05-30-stock-brief.md
2026-05-30,AAPL,Apple Inc.,312.06,312.06 USD,311.35,311.35 USD,-0.14,-0.23,2026-05-29 19:59 EDT,https://finance.yahoo.com/quote/AAPL/,2026-05-30-stock-brief.md
2026-05-30,NVDA,NVIDIA Corporation,211.14,211.14 USD,212.48,212.48 USD,-1.45,0.63,2026-05-29 20:00 EDT,https://finance.yahoo.com/quote/NVDA/,2026-05-30-stock-brief.md
2026-05-30,TSLA,"Tesla, Inc.",435.79,435.79 USD,434.35,434.35 USD,-1.43,-0.33,2026-05-29 19:59 EDT,https://finance.yahoo.com/quote/TSLA/,2026-05-30-stock-brief.md
2026-05-30,SNDK,Sandisk Corporation,1694.98,"1,694.98 USD",1683.81,"1,683.81 USD",3.25,-0.66,2026-05-29 19:59 EDT,https://finance.yahoo.com/quote/SNDK/,2026-05-30-stock-brief.md
2026-05-30,QQQ,"Invesco QQQ Trust, Series 1",738.31,738.31 USD,737.98,737.98 USD,0.37,-0.04,2026-05-29 19:59 EDT,https://finance.yahoo.com/quote/QQQ/,2026-05-30-stock-brief.md
2026-05-30,SPY,State Street SPDR S&P 500 ETF T,756.48,756.48 USD,755.76,755.76 USD,0.25,-0.10,2026-05-29 19:59 EDT,https://finance.yahoo.com/quote/SPY/,2026-05-30-stock-brief.md
2026-05-30,JEPQ,JPMorgan Nasdaq Equity Premium,61.15,61.15 USD,61.22,61.22 USD,0.33,0.11,2026-05-29 19:59 EDT,https://finance.yahoo.com/quote/JEPQ/,2026-05-30-stock-brief.md
2026-05-30,ASTS,"AST SpaceMobile, Inc.",113.41,113.41 USD,111.73,111.73 USD,-14.79,-1.48,2026-05-29 19:59 EDT,https://finance.yahoo.com/quote/ASTS/,2026-05-30-stock-brief.md
2026-05-30,MU,"Micron Technology, Inc.",971.00,971.00 USD,964.78,964.78 USD,5.14,-0.64,2026-05-29 19:59 EDT,https://finance.yahoo.com/quote/MU/,2026-05-30-stock-brief.md
2026-05-30,IREN,IREN LIMITED,63.54,63.54 USD,63.24,63.24 USD,-0.80,-0.47,2026-05-29 19:59 EDT,https://finance.yahoo.com/quote/IREN/,2026-05-30-stock-brief.md
2026-05-30,EOSE,"Eos Energy Enterprises, Inc.",8.43,8.43 USD,8.44,8.44 USD,-6.23,0.12,2026-05-29 19:59 EDT,https://finance.yahoo.com/quote/EOSE/,2026-05-30-stock-brief.md
2026-05-30,GOOG,Alphabet Inc.,376.43,376.43 USD,376.86,376.86 USD,-2.51,0.11,2026-05-29 19:59 EDT,https://finance.yahoo.com/quote/GOOG/,2026-05-30-stock-brief.md
2026-05-30,DRAM,Roundhill Memory ETF,63.20,63.20 USD,63.26,63.26 USD,1.01,0.09,2026-05-29 19:59 EDT,https://finance.yahoo.com/quote/DRAM/,2026-05-30-stock-brief.md
2026-05-30,AMD,"Advanced Micro Devices, Inc.",516.10,516.10 USD,515.15,515.15 USD,-0.38,-0.18,2026-05-29 19:59 EDT,https://finance.yahoo.com/quote/AMD/,2026-05-30-stock-brief.md
2026-05-30,ASML,ASML Holding N.V. - New York Re,1612.76,"1,612.76 USD",1613.00,"1,613.00 USD",0.44,0.01,2026-05-29 19:59 EDT,https://finance.yahoo.com/quote/ASML/,2026-05-30-stock-brief.md
2026-05-31,INTC,Intel Corporation,114.68,114.68 USD,115.33,115.33 USD,-5.14,0.56,2026-05-29 19:59 EDT,https://finance.yahoo.com/quote/INTC/,2026-05-31-stock-brief.md
2026-05-31,AVGO,Broadcom Inc.,446.77,446.77 USD,446.40,446.40 USD,4.73,-0.08,2026-05-29 19:59 EDT,https://finance.yahoo.com/quote/AVGO/,2026-05-31-stock-brief.md
2026-05-31,RKLB,Rocket Lab Corporation,143.48,143.48 USD,142.28,142.28 USD,-3.07,-0.84,2026-05-29 19:59 EDT,https://finance.yahoo.com/quote/RKLB/,2026-05-31-stock-brief.md
2026-05-31,AAPL,Apple Inc.,312.06,312.06 USD,311.35,311.35 USD,-0.14,-0.23,2026-05-29 19:59 EDT,https://finance.yahoo.com/quote/AAPL/,2026-05-31-stock-brief.md
2026-05-31,NVDA,NVIDIA Corporation,211.14,211.14 USD,212.48,212.48 USD,-1.45,0.63,2026-05-29 20:00 EDT,https://finance.yahoo.com/quote/NVDA/,2026-05-31-stock-brief.md
2026-05-31,TSLA,"Tesla, Inc.",435.79,435.79 USD,434.35,434.35 USD,-1.43,-0.33,2026-05-29 19:59 EDT,https://finance.yahoo.com/quote/TSLA/,2026-05-31-stock-brief.md
2026-05-31,SNDK,Sandisk Corporation,1694.98,"1,694.98 USD",1683.81,"1,683.81 USD",3.25,-0.66,2026-05-29 19:59 EDT,https://finance.yahoo.com/quote/SNDK/,2026-05-31-stock-brief.md
2026-05-31,QQQ,"Invesco QQQ Trust, Series 1",738.31,738.31 USD,737.98,737.98 USD,0.37,-0.04,2026-05-29 19:59 EDT,https://finance.yahoo.com/quote/QQQ/,2026-05-31-stock-brief.md
2026-05-31,SPY,State Street SPDR S&P 500 ETF T,756.48,756.48 USD,755.76,755.76 USD,0.25,-0.10,2026-05-29 19:59 EDT,https://finance.yahoo.com/quote/SPY/,2026-05-31-stock-brief.md
2026-05-31,JEPQ,JPMorgan Nasdaq Equity Premium,61.15,61.15 USD,61.22,61.22 USD,0.33,0.11,2026-05-29 19:59 EDT,https://finance.yahoo.com/quote/JEPQ/,2026-05-31-stock-brief.md
2026-05-31,ASTS,"AST SpaceMobile, Inc.",113.41,113.41 USD,111.73,111.73 USD,-14.79,-1.48,2026-05-29 19:59 EDT,https://finance.yahoo.com/quote/ASTS/,2026-05-31-stock-brief.md
2026-05-31,MU,"Micron Technology, Inc.",971.00,971.00 USD,964.78,964.78 USD,5.14,-0.64,2026-05-29 19:59 EDT,https://finance.yahoo.com/quote/MU/,2026-05-31-stock-brief.md
2026-05-31,IREN,IREN LIMITED,63.54,63.54 USD,63.24,63.24 USD,-0.80,-0.47,2026-05-29 19:59 EDT,https://finance.yahoo.com/quote/IREN/,2026-05-31-stock-brief.md
2026-05-31,EOSE,"Eos Energy Enterprises, Inc.",8.43,8.43 USD,8.44,8.44 USD,-6.23,0.12,2026-05-29 19:59 EDT,https://finance.yahoo.com/quote/EOSE/,2026-05-31-stock-brief.md
2026-05-31,GOOG,Alphabet Inc.,376.43,376.43 USD,376.86,376.86 USD,-2.51,0.11,2026-05-29 19:59 EDT,https://finance.yahoo.com/quote/GOOG/,2026-05-31-stock-brief.md
2026-05-31,DRAM,Roundhill Memory ETF,63.20,63.20 USD,63.26,63.26 USD,1.01,0.09,2026-05-29 19:59 EDT,https://finance.yahoo.com/quote/DRAM/,2026-05-31-stock-brief.md
2026-05-31,AMD,"Advanced Micro Devices, Inc.",516.10,516.10 USD,515.15,515.15 USD,-0.38,-0.18,2026-05-29 19:59 EDT,https://finance.yahoo.com/quote/AMD/,2026-05-31-stock-brief.md
2026-05-31,ASML,ASML Holding N.V. - New York Re,1612.76,"1,612.76 USD",1613.00,"1,613.00 USD",0.44,0.01,2026-05-29 19:59 EDT,https://finance.yahoo.com/quote/ASML/,2026-05-31-stock-brief.md
2026-06-01,INTC,Intel Corporation,114.68,114.68 USD,115.33,115.33 USD,-5.14,0.56,2026-05-29 19:59 EDT,https://finance.yahoo.com/quote/INTC/,2026-06-01-stock-brief.md
2026-06-01,AVGO,Broadcom Inc.,446.77,446.77 USD,446.40,446.40 USD,4.73,-0.08,2026-05-29 19:59 EDT,https://finance.yahoo.com/quote/AVGO/,2026-06-01-stock-brief.md
2026-06-01,RKLB,Rocket Lab Corporation,143.48,143.48 USD,142.28,142.28 USD,-3.07,-0.84,2026-05-29 19:59 EDT,https://finance.yahoo.com/quote/RKLB/,2026-06-01-stock-brief.md
2026-06-01,AAPL,Apple Inc.,312.06,312.06 USD,311.35,311.35 USD,-0.14,-0.23,2026-05-29 19:59 EDT,https://finance.yahoo.com/quote/AAPL/,2026-06-01-stock-brief.md
2026-06-01,NVDA,NVIDIA Corporation,211.14,211.14 USD,212.48,212.48 USD,-1.45,0.63,2026-05-29 20:00 EDT,https://finance.yahoo.com/quote/NVDA/,2026-06-01-stock-brief.md
2026-06-01,TSLA,"Tesla, Inc.",435.79,435.79 USD,434.35,434.35 USD,-1.43,-0.33,2026-05-29 19:59 EDT,https://finance.yahoo.com/quote/TSLA/,2026-06-01-stock-brief.md
2026-06-01,SNDK,Sandisk Corporation,1694.98,"1,694.98 USD",1683.81,"1,683.81 USD",3.25,-0.66,2026-05-29 19:59 EDT,https://finance.yahoo.com/quote/SNDK/,2026-06-01-stock-brief.md
2026-06-01,QQQ,"Invesco QQQ Trust, Series 1",738.31,738.31 USD,737.98,737.98 USD,0.37,-0.04,2026-05-29 19:59 EDT,https://finance.yahoo.com/quote/QQQ/,2026-06-01-stock-brief.md
2026-06-01,SPY,State Street SPDR S&P 500 ETF T,756.48,756.48 USD,755.76,755.76 USD,0.25,-0.10,2026-05-29 19:59 EDT,https://finance.yahoo.com/quote/SPY/,2026-06-01-stock-brief.md
2026-06-01,JEPQ,JPMorgan Nasdaq Equity Premium,61.15,61.15 USD,61.22,61.22 USD,0.33,0.11,2026-05-29 19:59 EDT,https://finance.yahoo.com/quote/JEPQ/,2026-06-01-stock-brief.md
2026-06-01,ASTS,"AST SpaceMobile, Inc.",113.41,113.41 USD,111.73,111.73 USD,-14.79,-1.48,2026-05-29 19:59 EDT,https://finance.yahoo.com/quote/ASTS/,2026-06-01-stock-brief.md
2026-06-01,MU,"Micron Technology, Inc.",971.00,971.00 USD,964.78,964.78 USD,5.14,-0.64,2026-05-29 19:59 EDT,https://finance.yahoo.com/quote/MU/,2026-06-01-stock-brief.md
2026-06-01,IREN,IREN LIMITED,63.54,63.54 USD,63.24,63.24 USD,-0.80,-0.47,2026-05-29 19:59 EDT,https://finance.yahoo.com/quote/IREN/,2026-06-01-stock-brief.md
2026-06-01,EOSE,"Eos Energy Enterprises, Inc.",8.43,8.43 USD,8.44,8.44 USD,-6.23,0.12,2026-05-29 19:59 EDT,https://finance.yahoo.com/quote/EOSE/,2026-06-01-stock-brief.md
2026-06-01,GOOG,Alphabet Inc.,376.43,376.43 USD,376.86,376.86 USD,-2.51,0.11,2026-05-29 19:59 EDT,https://finance.yahoo.com/quote/GOOG/,2026-06-01-stock-brief.md
2026-06-01,DRAM,Roundhill Memory ETF,63.20,63.20 USD,63.26,63.26 USD,1.01,0.09,2026-05-29 19:59 EDT,https://finance.yahoo.com/quote/DRAM/,2026-06-01-stock-brief.md
2026-06-01,AMD,"Advanced Micro Devices, Inc.",516.10,516.10 USD,515.15,515.15 USD,-0.38,-0.18,2026-05-29 19:59 EDT,https://finance.yahoo.com/quote/AMD/,2026-06-01-stock-brief.md
2026-06-01,ASML,ASML Holding N.V. - New York Re,1612.76,"1,612.76 USD",1613.00,"1,613.00 USD",0.44,0.01,2026-05-29 19:59 EDT,https://finance.yahoo.com/quote/ASML/,2026-06-01-stock-brief.md
2026-06-02,INTC,Intel Corporation,109.33,109.33 USD,108.60,108.60 USD,-4.67,-0.67,2026-06-01 20:00 EDT,https://finance.yahoo.com/quote/INTC/,2026-06-02-stock-brief.md
2026-06-02,AVGO,Broadcom Inc.,459.97,459.97 USD,472.43,472.43 USD,2.95,2.71,2026-06-01 19:59 EDT,https://finance.yahoo.com/quote/AVGO/,2026-06-02-stock-brief.md
2026-06-02,RKLB,Rocket Lab Corporation,122.39,122.39 USD,122.17,122.17 USD,-14.70,-0.18,2026-06-01 19:59 EDT,https://finance.yahoo.com/quote/RKLB/,2026-06-02-stock-brief.md
2026-06-02,AAPL,Apple Inc.,306.31,306.31 USD,305.40,305.40 USD,-1.84,-0.30,2026-06-01 19:59 EDT,https://finance.yahoo.com/quote/AAPL/,2026-06-02-stock-brief.md
2026-06-02,NVDA,NVIDIA Corporation,224.36,224.36 USD,223.92,223.92 USD,6.26,-0.20,2026-06-01 19:59 EDT,https://finance.yahoo.com/quote/NVDA/,2026-06-02-stock-brief.md
2026-06-02,TSLA,"Tesla, Inc.",415.88,415.88 USD,413.55,413.55 USD,-4.57,-0.56,2026-06-01 19:59 EDT,https://finance.yahoo.com/quote/TSLA/,2026-06-02-stock-brief.md
2026-06-02,SNDK,Sandisk Corporation,1761.43,"1,761.43 USD",1756.62,"1,756.62 USD",3.92,-0.27,2026-06-01 19:59 EDT,https://finance.yahoo.com/quote/SNDK/,2026-06-02-stock-brief.md
2026-06-02,QQQ,"Invesco QQQ Trust, Series 1",742.74,742.74 USD,740.28,740.28 USD,0.60,-0.33,2026-06-01 19:59 EDT,https://finance.yahoo.com/quote/QQQ/,2026-06-02-stock-brief.md
2026-06-02,SPY,State Street SPDR S&P 500 ETF T,758.54,758.54 USD,756.70,756.70 USD,0.27,-0.24,2026-06-01 19:59 EDT,https://finance.yahoo.com/quote/SPY/,2026-06-02-stock-brief.md
2026-06-02,JEPQ,JPMorgan Nasdaq Equity Premium,60.70,60.70 USD,60.63,60.63 USD,-0.74,-0.11,2026-06-01 19:59 EDT,https://finance.yahoo.com/quote/JEPQ/,2026-06-02-stock-brief.md
2026-06-02,ASTS,"AST SpaceMobile, Inc.",105.65,105.65 USD,104.90,104.90 USD,-6.84,-0.71,2026-06-01 19:59 EDT,https://finance.yahoo.com/quote/ASTS/,2026-06-02-stock-brief.md
2026-06-02,MU,"Micron Technology, Inc.",1035.50,"1,035.50 USD",1040.07,"1,040.07 USD",6.64,0.44,2026-06-01 19:59 EDT,https://finance.yahoo.com/quote/MU/,2026-06-02-stock-brief.md
2026-06-02,IREN,IREN LIMITED,65.33,65.33 USD,64.71,64.71 USD,2.82,-0.95,2026-06-01 19:59 EDT,https://finance.yahoo.com/quote/IREN/,2026-06-02-stock-brief.md
2026-06-02,EOSE,"Eos Energy Enterprises, Inc.",8.97,8.97 USD,8.89,8.89 USD,6.41,-0.89,2026-06-01 19:59 EDT,https://finance.yahoo.com/quote/EOSE/,2026-06-02-stock-brief.md
2026-06-02,GOOG,Alphabet Inc.,372.58,372.58 USD,370.00,370.00 USD,-1.02,-0.69,2026-06-01 19:59 EDT,https://finance.yahoo.com/quote/GOOG/,2026-06-02-stock-brief.md
2026-06-02,DRAM,Roundhill Memory ETF,68.00,68.00 USD,68.38,68.38 USD,7.59,0.56,2026-06-01 19:59 EDT,https://finance.yahoo.com/quote/DRAM/,2026-06-02-stock-brief.md
2026-06-02,AMD,"Advanced Micro Devices, Inc.",510.13,510.13 USD,506.96,506.96 USD,-1.16,-0.62,2026-06-01 19:59 EDT,https://finance.yahoo.com/quote/AMD/,2026-06-02-stock-brief.md
2026-06-02,ASML,ASML Holding N.V. - New York Re,1628.57,"1,628.57 USD",1623.13,"1,623.13 USD",0.98,-0.33,2026-06-01 19:55 EDT,https://finance.yahoo.com/quote/ASML/,2026-06-02-stock-brief.md
2026-06-03,INTC,Intel Corporation,107.93,107.93 USD,106.15,106.15 USD,-1.28,-1.65,2026-06-02 19:59 EDT,https://finance.yahoo.com/quote/INTC/,2026-06-03-stock-brief.md
2026-06-03,AVGO,Broadcom Inc.,481.57,481.57 USD,495.00,495.00 USD,4.70,2.79,2026-06-02 19:59 EDT,https://finance.yahoo.com/quote/AVGO/,2026-06-03-stock-brief.md
2026-06-03,RKLB,Rocket Lab Corporation,123.32,123.32 USD,122.80,122.80 USD,0.76,-0.42,2026-06-02 19:59 EDT,https://finance.yahoo.com/quote/RKLB/,2026-06-03-stock-brief.md
2026-06-03,AAPL,Apple Inc.,315.20,315.20 USD,315.00,315.00 USD,2.90,-0.06,2026-06-02 19:59 EDT,https://finance.yahoo.com/quote/AAPL/,2026-06-03-stock-brief.md
2026-06-03,NVDA,NVIDIA Corporation,222.82,222.82 USD,221.80,221.80 USD,-0.69,-0.46,2026-06-02 19:59 EDT,https://finance.yahoo.com/quote/NVDA/,2026-06-03-stock-brief.md
2026-06-03,TSLA,"Tesla, Inc.",423.74,423.74 USD,421.77,421.77 USD,1.89,-0.46,2026-06-02 19:59 EDT,https://finance.yahoo.com/quote/TSLA/,2026-06-03-stock-brief.md
2026-06-03,SNDK,Sandisk Corporation,1716.36,"1,716.36 USD",1717.11,"1,717.11 USD",-2.56,0.04,2026-06-02 19:59 EDT,https://finance.yahoo.com/quote/SNDK/,2026-06-03-stock-brief.md
2026-06-03,QQQ,"Invesco QQQ Trust, Series 1",746.16,746.16 USD,746.06,746.06 USD,0.46,-0.01,2026-06-02 19:59 EDT,https://finance.yahoo.com/quote/QQQ/,2026-06-03-stock-brief.md
2026-06-03,SPY,State Street SPDR S&P 500 ETF T,759.57,759.57 USD,759.63,759.63 USD,0.14,0.01,2026-06-02 19:59 EDT,https://finance.yahoo.com/quote/SPY/,2026-06-03-stock-brief.md
2026-06-03,JEPQ,JPMorgan Nasdaq Equity Premium,60.86,60.86 USD,60.84,60.84 USD,0.26,-0.04,2026-06-02 19:59 EDT,https://finance.yahoo.com/quote/JEPQ/,2026-06-03-stock-brief.md
2026-06-03,ASTS,"AST SpaceMobile, Inc.",118.17,118.17 USD,116.48,116.48 USD,11.85,-1.43,2026-06-02 19:59 EDT,https://finance.yahoo.com/quote/ASTS/,2026-06-03-stock-brief.md
2026-06-03,MU,"Micron Technology, Inc.",1064.10,"1,064.10 USD",1056.70,"1,056.70 USD",2.76,-0.70,2026-06-02 19:59 EDT,https://finance.yahoo.com/quote/MU/,2026-06-03-stock-brief.md
2026-06-03,IREN,IREN LIMITED,66.60,66.60 USD,65.79,65.79 USD,1.94,-1.22,2026-06-02 19:59 EDT,https://finance.yahoo.com/quote/IREN/,2026-06-03-stock-brief.md
2026-06-03,EOSE,"Eos Energy Enterprises, Inc.",9.42,9.42 USD,9.33,9.33 USD,5.02,-0.96,2026-06-02 19:59 EDT,https://finance.yahoo.com/quote/EOSE/,2026-06-03-stock-brief.md
2026-06-03,GOOG,Alphabet Inc.,358.39,358.39 USD,358.52,358.52 USD,-3.81,0.04,2026-06-02 19:59 EDT,https://finance.yahoo.com/quote/GOOG/,2026-06-03-stock-brief.md
2026-06-03,DRAM,Roundhill Memory ETF,69.57,69.57 USD,69.39,69.39 USD,2.31,-0.26,2026-06-02 19:59 EDT,https://finance.yahoo.com/quote/DRAM/,2026-06-03-stock-brief.md
2026-06-03,AMD,"Advanced Micro Devices, Inc.",521.54,521.54 USD,518.75,518.75 USD,2.24,-0.53,2026-06-02 19:59 EDT,https://finance.yahoo.com/quote/AMD/,2026-06-03-stock-brief.md
2026-06-03,ASML,ASML Holding N.V. - New York Re,1705.37,"1,705.37 USD",1706.50,"1,706.50 USD",4.72,0.07,2026-06-02 19:59 EDT,https://finance.yahoo.com/quote/ASML/,2026-06-03-stock-brief.md
2026-06-04,INTC,Intel Corporation,112.71,112.71 USD,110.61,110.61 USD,4.43,-1.86,2026-06-03 19:59 EDT,https://finance.yahoo.com/quote/INTC/,2026-06-04-stock-brief.md
2026-06-04,AVGO,Broadcom Inc.,479.23,479.23 USD,413.83,413.83 USD,-0.49,-13.65,2026-06-03 19:59 EDT,https://finance.yahoo.com/quote/AVGO/,2026-06-04-stock-brief.md
2026-06-04,RKLB,Rocket Lab Corporation,114.70,114.70 USD,111.75,111.75 USD,-6.99,-2.57,2026-06-03 19:59 EDT,https://finance.yahoo.com/quote/RKLB/,2026-06-04-stock-brief.md
2026-06-04,AAPL,Apple Inc.,310.26,310.26 USD,313.97,313.97 USD,-1.57,1.20,2026-06-03 19:59 EDT,https://finance.yahoo.com/quote/AAPL/,2026-06-04-stock-brief.md
2026-06-04,NVDA,NVIDIA Corporation,214.75,214.75 USD,214.26,214.26 USD,-3.62,-0.23,2026-06-03 19:59 EDT,https://finance.yahoo.com/quote/NVDA/,2026-06-04-stock-brief.md
2026-06-04,TSLA,"Tesla, Inc.",423.70,423.70 USD,420.25,420.25 USD,-0.01,-0.81,2026-06-03 19:59 EDT,https://finance.yahoo.com/quote/TSLA/,2026-06-04-stock-brief.md
2026-06-04,SNDK,Sandisk Corporation,1831.50,"1,831.50 USD",1783.37,"1,783.37 USD",6.71,-2.63,2026-06-03 19:59 EDT,https://finance.yahoo.com/quote/SNDK/,2026-06-04-stock-brief.md
2026-06-04,QQQ,"Invesco QQQ Trust, Series 1",744.21,744.21 USD,738.34,738.34 USD,-0.26,-0.79,2026-06-03 19:59 EDT,https://finance.yahoo.com/quote/QQQ/,2026-06-04-stock-brief.md
2026-06-04,SPY,State Street SPDR S&P 500 ETF T,754.24,754.24 USD,750.47,750.47 USD,-0.70,-0.50,2026-06-03 19:59 EDT,https://finance.yahoo.com/quote/SPY/,2026-06-04-stock-brief.md
2026-06-04,JEPQ,JPMorgan Nasdaq Equity Premium,60.80,60.80 USD,60.56,60.56 USD,-0.10,-0.40,2026-06-03 19:59 EDT,https://finance.yahoo.com/quote/JEPQ/,2026-06-04-stock-brief.md
2026-06-04,ASTS,"AST SpaceMobile, Inc.",107.73,107.73 USD,104.94,104.94 USD,-8.83,-2.59,2026-06-03 19:59 EDT,https://finance.yahoo.com/quote/ASTS/,2026-06-04-stock-brief.md
2026-06-04,MU,"Micron Technology, Inc.",1079.57,"1,079.57 USD",1050.19,"1,050.19 USD",1.45,-2.72,2026-06-03 20:00 EDT,https://finance.yahoo.com/quote/MU/,2026-06-04-stock-brief.md
2026-06-04,IREN,IREN LIMITED,65.48,65.48 USD,62.20,62.20 USD,-1.68,-5.01,2026-06-03 19:59 EDT,https://finance.yahoo.com/quote/IREN/,2026-06-04-stock-brief.md
2026-06-04,EOSE,"Eos Energy Enterprises, Inc.",8.20,8.20 USD,8.03,8.03 USD,-12.95,-2.07,2026-06-03 19:59 EDT,https://finance.yahoo.com/quote/EOSE/,2026-06-04-stock-brief.md
2026-06-04,GOOG,Alphabet Inc.,355.68,355.68 USD,354.59,354.59 USD,-0.76,-0.31,2026-06-03 19:59 EDT,https://finance.yahoo.com/quote/GOOG/,2026-06-04-stock-brief.md
2026-06-04,DRAM,Roundhill Memory ETF,69.71,69.71 USD,66.75,66.75 USD,0.20,-4.25,2026-06-03 19:59 EDT,https://finance.yahoo.com/quote/DRAM/,2026-06-04-stock-brief.md
2026-06-04,AMD,"Advanced Micro Devices, Inc.",542.52,542.52 USD,525.00,525.00 USD,4.02,-3.23,2026-06-03 19:59 EDT,https://finance.yahoo.com/quote/AMD/,2026-06-04-stock-brief.md
2026-06-04,ASML,ASML Holding N.V. - New York Re,1726.36,"1,726.36 USD",1713.90,"1,713.90 USD",1.23,-0.72,2026-06-03 19:59 EDT,https://finance.yahoo.com/quote/ASML/,2026-06-04-stock-brief.md
2026-06-05,INTC,Intel Corporation,111.78,111.78 USD,109.85,109.85 USD,-0.83,-1.73,2026-06-04 19:59 EDT,https://finance.yahoo.com/quote/INTC/,2026-06-05-stock-brief.md
2026-06-05,AVGO,Broadcom Inc.,418.91,418.91 USD,413.60,413.60 USD,-12.59,-1.27,2026-06-04 19:59 EDT,https://finance.yahoo.com/quote/AVGO/,2026-06-05-stock-brief.md
2026-06-05,RKLB,Rocket Lab Corporation,114.70,114.70 USD,117.85,117.85 USD,-6.99,2.75,2026-06-04 19:59 EDT,https://finance.yahoo.com/quote/RKLB/,2026-06-05-stock-brief.md
2026-06-05,AAPL,Apple Inc.,311.23,311.23 USD,310.60,310.60 USD,0.31,-0.20,2026-06-04 19:59 EDT,https://finance.yahoo.com/quote/AAPL/,2026-06-05-stock-brief.md
2026-06-05,NVDA,NVIDIA Corporation,218.66,218.66 USD,216.31,216.31 USD,1.82,-1.07,2026-06-04 19:59 EDT,https://finance.yahoo.com/quote/NVDA/,2026-06-05-stock-brief.md
2026-06-05,TSLA,"Tesla, Inc.",418.45,418.45 USD,416.19,416.19 USD,-1.24,-0.54,2026-06-04 19:59 EDT,https://finance.yahoo.com/quote/TSLA/,2026-06-05-stock-brief.md
2026-06-05,SNDK,Sandisk Corporation,1831.50,"1,831.50 USD",1730.99,"1,730.99 USD",6.71,-5.49,2026-06-04 19:59 EDT,https://finance.yahoo.com/quote/SNDK/,2026-06-05-stock-brief.md
2026-06-05,QQQ,"Invesco QQQ Trust, Series 1",740.61,740.61 USD,735.37,735.37 USD,-0.48,-0.71,2026-06-04 19:59 EDT,https://finance.yahoo.com/quote/QQQ/,2026-06-05-stock-brief.md
2026-06-05,SPY,State Street SPDR S&P 500 ETF T,757.09,757.09 USD,754.56,754.56 USD,0.38,-0.33,2026-06-04 19:59 EDT,https://finance.yahoo.com/quote/SPY/,2026-06-05-stock-brief.md
2026-06-05,JEPQ,JPMorgan Nasdaq Equity Premium,60.80,60.80 USD,60.65,60.65 USD,-0.10,-0.25,2026-06-04 19:59 EDT,https://finance.yahoo.com/quote/JEPQ/,2026-06-05-stock-brief.md
2026-06-05,ASTS,"AST SpaceMobile, Inc.",107.73,107.73 USD,106.25,106.25 USD,-8.83,-1.37,2026-06-04 19:59 EDT,https://finance.yahoo.com/quote/ASTS/,2026-06-05-stock-brief.md
2026-06-05,MU,"Micron Technology, Inc.",996.00,996.00 USD,971.40,971.40 USD,-7.74,-2.47,2026-06-04 20:00 EDT,https://finance.yahoo.com/quote/MU/,2026-06-05-stock-brief.md
2026-06-05,IREN,IREN LIMITED,65.48,65.48 USD,61.09,61.09 USD,-1.68,-6.70,2026-06-04 19:59 EDT,https://finance.yahoo.com/quote/IREN/,2026-06-05-stock-brief.md
2026-06-05,EOSE,"Eos Energy Enterprises, Inc.",8.20,8.20 USD,8.03,8.03 USD,-12.95,-2.07,2026-06-04 19:59 EDT,https://finance.yahoo.com/quote/EOSE/,2026-06-05-stock-brief.md
2026-06-05,GOOG,Alphabet Inc.,355.68,355.68 USD,367.61,367.61 USD,-0.76,3.35,2026-06-04 19:59 EDT,https://finance.yahoo.com/quote/GOOG/,2026-06-05-stock-brief.md
2026-06-05,DRAM,Roundhill Memory ETF,69.71,69.71 USD,63.27,63.27 USD,0.20,-9.24,2026-06-04 19:59 EDT,https://finance.yahoo.com/quote/DRAM/,2026-06-05-stock-brief.md
2026-06-05,AMD,"Advanced Micro Devices, Inc.",523.20,523.20 USD,514.15,514.15 USD,-3.56,-1.73,2026-06-04 19:59 EDT,https://finance.yahoo.com/quote/AMD/,2026-06-05-stock-brief.md
2026-06-05,ASML,ASML Holding N.V. - New York Re,1757.47,"1,757.47 USD",1736.00,"1,736.00 USD",1.80,-1.22,2026-06-04 19:59 EDT,https://finance.yahoo.com/quote/ASML/,2026-06-05-stock-brief.md
2026-06-06,INTC,Intel Corporation,99.17,99.17 USD,96.90,96.90 USD,-11.28,-2.29,2026-06-05 19:59 EDT,https://finance.yahoo.com/quote/INTC/,2026-06-06-stock-brief.md
2026-06-06,AVGO,Broadcom Inc.,385.73,385.73 USD,385.02,385.02 USD,-7.92,-0.18,2026-06-05 19:59 EDT,https://finance.yahoo.com/quote/AVGO/,2026-06-06-stock-brief.md
2026-06-06,RKLB,Rocket Lab Corporation,110.08,110.08 USD,107.35,107.35 USD,-8.23,-2.48,2026-06-05 19:59 EDT,https://finance.yahoo.com/quote/RKLB/,2026-06-06-stock-brief.md
2026-06-06,AAPL,Apple Inc.,307.34,307.34 USD,307.78,307.78 USD,-1.25,0.14,2026-06-05 19:59 EDT,https://finance.yahoo.com/quote/AAPL/,2026-06-06-stock-brief.md
2026-06-06,NVDA,NVIDIA Corporation,205.10,205.10 USD,204.04,204.04 USD,-6.20,-0.52,2026-06-05 19:59 EDT,https://finance.yahoo.com/quote/NVDA/,2026-06-06-stock-brief.md
2026-06-06,TSLA,"Tesla, Inc.",391.00,391.00 USD,391.32,391.32 USD,-6.56,0.08,2026-06-05 19:59 EDT,https://finance.yahoo.com/quote/TSLA/,2026-06-06-stock-brief.md
2026-06-06,SNDK,Sandisk Corporation,1559.32,"1,559.32 USD",1529.50,"1,529.50 USD",-11.39,-1.91,2026-06-05 19:59 EDT,https://finance.yahoo.com/quote/SNDK/,2026-06-06-stock-brief.md
2026-06-06,QQQ,"Invesco QQQ Trust, Series 1",705.06,705.06 USD,700.30,700.30 USD,-4.80,-0.68,2026-06-05 19:59 EDT,https://finance.yahoo.com/quote/QQQ/,2026-06-06-stock-brief.md
2026-06-06,SPY,State Street SPDR S&P 500 ETF T,737.55,737.55 USD,735.01,735.01 USD,-2.58,-0.34,2026-06-05 19:59 EDT,https://finance.yahoo.com/quote/SPY/,2026-06-06-stock-brief.md
2026-06-06,JEPQ,JPMorgan Nasdaq Equity Premium,58.90,58.90 USD,58.73,58.73 USD,-3.01,-0.29,2026-06-05 19:59 EDT,https://finance.yahoo.com/quote/JEPQ/,2026-06-06-stock-brief.md
2026-06-06,ASTS,"AST SpaceMobile, Inc.",93.60,93.60 USD,91.79,91.79 USD,-12.76,-1.93,2026-06-05 19:59 EDT,https://finance.yahoo.com/quote/ASTS/,2026-06-06-stock-brief.md
2026-06-06,MU,"Micron Technology, Inc.",864.01,864.01 USD,857.20,857.20 USD,-13.25,-0.79,2026-06-05 19:59 EDT,https://finance.yahoo.com/quote/MU/,2026-06-06-stock-brief.md
2026-06-06,IREN,IREN LIMITED,54.35,54.35 USD,53.24,53.24 USD,-12.14,-2.04,2026-06-05 19:59 EDT,https://finance.yahoo.com/quote/IREN/,2026-06-06-stock-brief.md
2026-06-06,EOSE,"Eos Energy Enterprises, Inc.",7.08,7.08 USD,6.88,6.88 USD,-12.38,-2.82,2026-06-05 19:59 EDT,https://finance.yahoo.com/quote/EOSE/,2026-06-06-stock-brief.md
2026-06-06,GOOG,Alphabet Inc.,365.76,365.76 USD,361.61,361.61 USD,-0.95,-1.13,2026-06-05 19:59 EDT,https://finance.yahoo.com/quote/GOOG/,2026-06-06-stock-brief.md
2026-06-06,DRAM,Roundhill Memory ETF,55.79,55.79 USD,55.44,55.44 USD,-15.08,-0.64,2026-06-05 19:59 EDT,https://finance.yahoo.com/quote/DRAM/,2026-06-06-stock-brief.md
2026-06-06,AMD,"Advanced Micro Devices, Inc.",466.38,466.38 USD,458.66,458.66 USD,-10.86,-1.65,2026-06-05 19:59 EDT,https://finance.yahoo.com/quote/AMD/,2026-06-06-stock-brief.md
2026-06-06,ASML,ASML Holding N.V. - New York Re,1641.74,"1,641.74 USD",1640.84,"1,640.84 USD",-6.59,-0.05,2026-06-05 19:59 EDT,https://finance.yahoo.com/quote/ASML/,2026-06-06-stock-brief.md
2026-06-07,INTC,Intel Corporation,99.17,99.17 USD,96.90,96.90 USD,-11.28,-2.29,2026-06-05 19:59 EDT,https://finance.yahoo.com/quote/INTC/,2026-06-07-stock-brief.md
2026-06-07,AVGO,Broadcom Inc.,385.73,385.73 USD,385.02,385.02 USD,-7.92,-0.18,2026-06-05 19:59 EDT,https://finance.yahoo.com/quote/AVGO/,2026-06-07-stock-brief.md
2026-06-07,RKLB,Rocket Lab Corporation,110.08,110.08 USD,107.35,107.35 USD,-8.23,-2.48,2026-06-05 19:59 EDT,https://finance.yahoo.com/quote/RKLB/,2026-06-07-stock-brief.md
2026-06-07,AAPL,Apple Inc.,307.34,307.34 USD,307.78,307.78 USD,-1.25,0.14,2026-06-05 19:59 EDT,https://finance.yahoo.com/quote/AAPL/,2026-06-07-stock-brief.md
2026-06-07,NVDA,NVIDIA Corporation,205.10,205.10 USD,204.04,204.04 USD,-6.20,-0.52,2026-06-05 19:59 EDT,https://finance.yahoo.com/quote/NVDA/,2026-06-07-stock-brief.md
2026-06-07,TSLA,"Tesla, Inc.",391.00,391.00 USD,391.32,391.32 USD,-6.56,0.08,2026-06-05 19:59 EDT,https://finance.yahoo.com/quote/TSLA/,2026-06-07-stock-brief.md
2026-06-07,SNDK,Sandisk Corporation,1559.32,"1,559.32 USD",1529.50,"1,529.50 USD",-11.39,-1.91,2026-06-05 19:59 EDT,https://finance.yahoo.com/quote/SNDK/,2026-06-07-stock-brief.md
2026-06-07,QQQ,"Invesco QQQ Trust, Series 1",705.06,705.06 USD,700.30,700.30 USD,-4.80,-0.68,2026-06-05 19:59 EDT,https://finance.yahoo.com/quote/QQQ/,2026-06-07-stock-brief.md
2026-06-07,SPY,State Street SPDR S&P 500 ETF T,737.55,737.55 USD,735.01,735.01 USD,-2.58,-0.34,2026-06-05 19:59 EDT,https://finance.yahoo.com/quote/SPY/,2026-06-07-stock-brief.md
2026-06-07,JEPQ,JPMorgan Nasdaq Equity Premium,58.90,58.90 USD,58.73,58.73 USD,-3.01,-0.29,2026-06-05 19:59 EDT,https://finance.yahoo.com/quote/JEPQ/,2026-06-07-stock-brief.md
2026-06-07,ASTS,"AST SpaceMobile, Inc.",93.60,93.60 USD,91.79,91.79 USD,-12.76,-1.93,2026-06-05 19:59 EDT,https://finance.yahoo.com/quote/ASTS/,2026-06-07-stock-brief.md
2026-06-07,MU,"Micron Technology, Inc.",864.01,864.01 USD,857.20,857.20 USD,-13.25,-0.79,2026-06-05 19:59 EDT,https://finance.yahoo.com/quote/MU/,2026-06-07-stock-brief.md
2026-06-07,IREN,IREN LIMITED,54.35,54.35 USD,53.24,53.24 USD,-12.14,-2.04,2026-06-05 19:59 EDT,https://finance.yahoo.com/quote/IREN/,2026-06-07-stock-brief.md
2026-06-07,EOSE,"Eos Energy Enterprises, Inc.",7.08,7.08 USD,6.88,6.88 USD,-12.38,-2.82,2026-06-05 19:59 EDT,https://finance.yahoo.com/quote/EOSE/,2026-06-07-stock-brief.md
2026-06-07,GOOG,Alphabet Inc.,365.76,365.76 USD,361.61,361.61 USD,-0.95,-1.13,2026-06-05 19:59 EDT,https://finance.yahoo.com/quote/GOOG/,2026-06-07-stock-brief.md
2026-06-07,DRAM,Roundhill Memory ETF,55.79,55.79 USD,55.44,55.44 USD,-15.08,-0.64,2026-06-05 19:59 EDT,https://finance.yahoo.com/quote/DRAM/,2026-06-07-stock-brief.md
2026-06-07,AMD,"Advanced Micro Devices, Inc.",466.38,466.38 USD,458.66,458.66 USD,-10.86,-1.65,2026-06-05 19:59 EDT,https://finance.yahoo.com/quote/AMD/,2026-06-07-stock-brief.md
2026-06-07,ASML,ASML Holding N.V. - New York Re,1641.74,"1,641.74 USD",1640.84,"1,640.84 USD",-6.59,-0.05,2026-06-05 19:59 EDT,https://finance.yahoo.com/quote/ASML/,2026-06-07-stock-brief.md
2026-06-08,INTC,Intel Corporation,99.17,99.17 USD,96.90,96.90 USD,-11.28,-2.29,2026-06-05 19:59 EDT,https://finance.yahoo.com/quote/INTC/,2026-06-08-stock-brief.md
2026-06-08,AVGO,Broadcom Inc.,385.73,385.73 USD,385.02,385.02 USD,-7.92,-0.18,2026-06-05 19:59 EDT,https://finance.yahoo.com/quote/AVGO/,2026-06-08-stock-brief.md
2026-06-08,RKLB,Rocket Lab Corporation,110.08,110.08 USD,107.35,107.35 USD,-8.23,-2.48,2026-06-05 19:59 EDT,https://finance.yahoo.com/quote/RKLB/,2026-06-08-stock-brief.md
2026-06-08,AAPL,Apple Inc.,307.34,307.34 USD,307.78,307.78 USD,-1.25,0.14,2026-06-05 19:59 EDT,https://finance.yahoo.com/quote/AAPL/,2026-06-08-stock-brief.md
2026-06-08,NVDA,NVIDIA Corporation,205.10,205.10 USD,204.04,204.04 USD,-6.20,-0.52,2026-06-05 19:59 EDT,https://finance.yahoo.com/quote/NVDA/,2026-06-08-stock-brief.md
2026-06-08,TSLA,"Tesla, Inc.",391.00,391.00 USD,391.32,391.32 USD,-6.56,0.08,2026-06-05 19:59 EDT,https://finance.yahoo.com/quote/TSLA/,2026-06-08-stock-brief.md
2026-06-08,SNDK,Sandisk Corporation,1559.32,"1,559.32 USD",1529.50,"1,529.50 USD",-11.39,-1.91,2026-06-05 19:59 EDT,https://finance.yahoo.com/quote/SNDK/,2026-06-08-stock-brief.md
2026-06-08,QQQ,"Invesco QQQ Trust, Series 1",705.06,705.06 USD,700.30,700.30 USD,-4.80,-0.68,2026-06-05 19:59 EDT,https://finance.yahoo.com/quote/QQQ/,2026-06-08-stock-brief.md
2026-06-08,SPY,State Street SPDR S&P 500 ETF T,737.55,737.55 USD,735.01,735.01 USD,-2.58,-0.34,2026-06-05 19:59 EDT,https://finance.yahoo.com/quote/SPY/,2026-06-08-stock-brief.md
2026-06-08,JEPQ,JPMorgan Nasdaq Equity Premium,58.90,58.90 USD,58.73,58.73 USD,-3.01,-0.29,2026-06-05 19:59 EDT,https://finance.yahoo.com/quote/JEPQ/,2026-06-08-stock-brief.md
2026-06-08,ASTS,"AST SpaceMobile, Inc.",93.60,93.60 USD,91.79,91.79 USD,-12.76,-1.93,2026-06-05 19:59 EDT,https://finance.yahoo.com/quote/ASTS/,2026-06-08-stock-brief.md
2026-06-08,MU,"Micron Technology, Inc.",864.01,864.01 USD,857.20,857.20 USD,-13.25,-0.79,2026-06-05 19:59 EDT,https://finance.yahoo.com/quote/MU/,2026-06-08-stock-brief.md
2026-06-08,IREN,IREN LIMITED,54.35,54.35 USD,53.24,53.24 USD,-12.14,-2.04,2026-06-05 19:59 EDT,https://finance.yahoo.com/quote/IREN/,2026-06-08-stock-brief.md
2026-06-08,EOSE,"Eos Energy Enterprises, Inc.",7.08,7.08 USD,6.88,6.88 USD,-12.38,-2.82,2026-06-05 19:59 EDT,https://finance.yahoo.com/quote/EOSE/,2026-06-08-stock-brief.md
2026-06-08,GOOG,Alphabet Inc.,365.76,365.76 USD,361.61,361.61 USD,-0.95,-1.13,2026-06-05 19:59 EDT,https://finance.yahoo.com/quote/GOOG/,2026-06-08-stock-brief.md
2026-06-08,DRAM,Roundhill Memory ETF,55.79,55.79 USD,55.44,55.44 USD,-15.08,-0.64,2026-06-05 19:59 EDT,https://finance.yahoo.com/quote/DRAM/,2026-06-08-stock-brief.md
2026-06-08,AMD,"Advanced Micro Devices, Inc.",466.38,466.38 USD,458.66,458.66 USD,-10.86,-1.65,2026-06-05 19:59 EDT,https://finance.yahoo.com/quote/AMD/,2026-06-08-stock-brief.md
2026-06-08,ASML,ASML Holding N.V. - New York Re,1641.74,"1,641.74 USD",1640.84,"1,640.84 USD",-6.59,-0.05,2026-06-05 19:59 EDT,https://finance.yahoo.com/quote/ASML/,2026-06-08-stock-brief.md
2026-06-09,INTC,Intel Corporation,110.27,110.27 USD,109.82,109.82 USD,11.19,-0.41,2026-06-08 19:59 EDT,https://finance.yahoo.com/quote/INTC/,2026-06-09-stock-brief.md
2026-06-09,AVGO,Broadcom Inc.,396.60,396.60 USD,396.20,396.20 USD,2.82,-0.10,2026-06-08 19:59 EDT,https://finance.yahoo.com/quote/AVGO/,2026-06-09-stock-brief.md
2026-06-09,RKLB,Rocket Lab Corporation,113.65,113.65 USD,113.81,113.81 USD,3.24,0.14,2026-06-08 19:59 EDT,https://finance.yahoo.com/quote/RKLB/,2026-06-09-stock-brief.md
2026-06-09,AAPL,Apple Inc.,301.54,301.54 USD,300.70,300.70 USD,-1.89,-0.28,2026-06-08 19:59 EDT,https://finance.yahoo.com/quote/AAPL/,2026-06-09-stock-brief.md
2026-06-09,NVDA,NVIDIA Corporation,208.64,208.64 USD,207.65,207.65 USD,1.73,-0.47,2026-06-08 19:59 EDT,https://finance.yahoo.com/quote/NVDA/,2026-06-09-stock-brief.md
2026-06-09,TSLA,"Tesla, Inc.",408.95,408.95 USD,408.87,408.87 USD,4.59,-0.02,2026-06-08 19:59 EDT,https://finance.yahoo.com/quote/TSLA/,2026-06-09-stock-brief.md
2026-06-09,SNDK,Sandisk Corporation,1642.00,"1,642.00 USD",1648.97,"1,648.97 USD",5.30,0.42,2026-06-08 19:59 EDT,https://finance.yahoo.com/quote/SNDK/,2026-06-09-stock-brief.md
2026-06-09,QQQ,"Invesco QQQ Trust, Series 1",716.07,716.07 USD,715.40,715.40 USD,1.56,-0.09,2026-06-08 19:59 EDT,https://finance.yahoo.com/quote/QQQ/,2026-06-09-stock-brief.md
2026-06-09,SPY,State Street SPDR S&P 500 ETF T,739.22,739.22 USD,738.74,738.74 USD,0.23,-0.06,2026-06-08 19:59 EDT,https://finance.yahoo.com/quote/SPY/,2026-06-09-stock-brief.md
2026-06-09,JEPQ,JPMorgan Nasdaq Equity Premium,59.63,59.63 USD,59.66,59.66 USD,1.24,0.06,2026-06-08 19:59 EDT,https://finance.yahoo.com/quote/JEPQ/,2026-06-09-stock-brief.md
2026-06-09,ASTS,"AST SpaceMobile, Inc.",92.06,92.06 USD,92.04,92.04 USD,-1.65,-0.02,2026-06-08 19:59 EDT,https://finance.yahoo.com/quote/ASTS/,2026-06-09-stock-brief.md
2026-06-09,MU,"Micron Technology, Inc.",949.28,949.28 USD,955.00,955.00 USD,9.87,0.60,2026-06-08 19:59 EDT,https://finance.yahoo.com/quote/MU/,2026-06-09-stock-brief.md
2026-06-09,IREN,IREN LIMITED,59.19,59.19 USD,58.73,58.73 USD,8.91,-0.78,2026-06-08 19:59 EDT,https://finance.yahoo.com/quote/IREN/,2026-06-09-stock-brief.md
2026-06-09,EOSE,"Eos Energy Enterprises, Inc.",6.69,6.69 USD,6.73,6.73 USD,-5.51,0.59,2026-06-08 19:59 EDT,https://finance.yahoo.com/quote/EOSE/,2026-06-09-stock-brief.md
2026-06-09,GOOG,Alphabet Inc.,361.17,361.17 USD,361.14,361.14 USD,-1.25,-0.01,2026-06-08 19:59 EDT,https://finance.yahoo.com/quote/GOOG/,2026-06-09-stock-brief.md
2026-06-09,DRAM,Roundhill Memory ETF,60.52,60.52 USD,60.86,60.86 USD,8.48,0.56,2026-06-08 19:59 EDT,https://finance.yahoo.com/quote/DRAM/,2026-06-09-stock-brief.md
2026-06-09,AMD,"Advanced Micro Devices, Inc.",490.33,490.33 USD,489.56,489.56 USD,5.14,-0.16,2026-06-08 19:59 EDT,https://finance.yahoo.com/quote/AMD/,2026-06-09-stock-brief.md
2026-06-09,ASML,ASML Holding N.V. - New York Re,1749.04,"1,749.04 USD",1745.51,"1,745.51 USD",6.54,-0.20,2026-06-08 19:59 EDT,https://finance.yahoo.com/quote/ASML/,2026-06-09-stock-brief.md
2026-06-10,INTC,Intel Corporation,110.27,110.27 USD,107.09,107.09 USD,11.19,-2.88,2026-06-09 19:59 EDT,https://finance.yahoo.com/quote/INTC/,2026-06-10-stock-brief.md
2026-06-10,AVGO,Broadcom Inc.,396.60,396.60 USD,388.99,388.99 USD,2.82,-1.92,2026-06-09 19:59 EDT,https://finance.yahoo.com/quote/AVGO/,2026-06-10-stock-brief.md
2026-06-10,RKLB,Rocket Lab Corporation,113.65,113.65 USD,107.08,107.08 USD,3.24,-5.78,2026-06-09 19:59 EDT,https://finance.yahoo.com/quote/RKLB/,2026-06-10-stock-brief.md
2026-06-10,AAPL,Apple Inc.,301.54,301.54 USD,291.10,291.10 USD,-1.89,-3.46,2026-06-09 19:59 EDT,https://finance.yahoo.com/quote/AAPL/,2026-06-10-stock-brief.md
2026-06-10,NVDA,NVIDIA Corporation,208.64,208.64 USD,206.43,206.43 USD,1.73,-1.06,2026-06-09 19:59 EDT,https://finance.yahoo.com/quote/NVDA/,2026-06-10-stock-brief.md
2026-06-10,TSLA,"Tesla, Inc.",408.95,408.95 USD,395.89,395.89 USD,4.59,-3.19,2026-06-09 19:59 EDT,https://finance.yahoo.com/quote/TSLA/,2026-06-10-stock-brief.md
2026-06-10,SNDK,Sandisk Corporation,1642.00,"1,642.00 USD",1626.54,"1,626.54 USD",5.30,-0.94,2026-06-09 19:59 EDT,https://finance.yahoo.com/quote/SNDK/,2026-06-10-stock-brief.md
2026-06-10,QQQ,"Invesco QQQ Trust, Series 1",716.07,716.07 USD,706.67,706.67 USD,1.56,-1.31,2026-06-09 19:59 EDT,https://finance.yahoo.com/quote/QQQ/,2026-06-10-stock-brief.md
2026-06-10,SPY,State Street SPDR S&P 500 ETF T,739.22,739.22 USD,735.70,735.70 USD,0.23,-0.48,2026-06-09 19:59 EDT,https://finance.yahoo.com/quote/SPY/,2026-06-10-stock-brief.md
2026-06-10,JEPQ,JPMorgan Nasdaq Equity Premium,59.63,59.63 USD,58.86,58.86 USD,1.24,-1.29,2026-06-09 19:59 EDT,https://finance.yahoo.com/quote/JEPQ/,2026-06-10-stock-brief.md
2026-06-10,ASTS,"AST SpaceMobile, Inc.",92.06,92.06 USD,89.20,89.20 USD,-1.65,-3.11,2026-06-09 19:59 EDT,https://finance.yahoo.com/quote/ASTS/,2026-06-10-stock-brief.md
2026-06-10,MU,"Micron Technology, Inc.",949.28,949.28 USD,919.61,919.61 USD,9.87,-3.13,2026-06-09 19:59 EDT,https://finance.yahoo.com/quote/MU/,2026-06-10-stock-brief.md
2026-06-10,IREN,IREN LIMITED,59.19,59.19 USD,53.64,53.64 USD,8.91,-9.38,2026-06-09 19:59 EDT,https://finance.yahoo.com/quote/IREN/,2026-06-10-stock-brief.md
2026-06-10,EOSE,"Eos Energy Enterprises, Inc.",6.69,6.69 USD,6.24,6.24 USD,-5.51,-6.74,2026-06-09 19:58 EDT,https://finance.yahoo.com/quote/EOSE/,2026-06-10-stock-brief.md
2026-06-10,GOOG,Alphabet Inc.,361.17,361.17 USD,361.66,361.66 USD,-1.25,0.14,2026-06-09 19:59 EDT,https://finance.yahoo.com/quote/GOOG/,2026-06-10-stock-brief.md
2026-06-10,DRAM,Roundhill Memory ETF,60.52,60.52 USD,59.76,59.76 USD,8.48,-1.26,2026-06-09 19:59 EDT,https://finance.yahoo.com/quote/DRAM/,2026-06-10-stock-brief.md
2026-06-10,AMD,"Advanced Micro Devices, Inc.",490.33,490.33 USD,472.00,472.00 USD,5.14,-3.74,2026-06-09 19:59 EDT,https://finance.yahoo.com/quote/AMD/,2026-06-10-stock-brief.md
2026-06-10,ASML,ASML Holding N.V. - New York Re,1749.04,"1,749.04 USD",1775.00,"1,775.00 USD",6.54,1.48,2026-06-09 19:59 EDT,https://finance.yahoo.com/quote/ASML/,2026-06-10-stock-brief.md
2026-06-11,INTC,Intel Corporation,107.92,107.92 USD,105.07,105.07 USD,-2.13,-2.64,2026-06-10 19:59 EDT,https://finance.yahoo.com/quote/INTC/,2026-06-11-stock-brief.md
2026-06-11,AVGO,Broadcom Inc.,392.16,392.16 USD,367.68,367.68 USD,-1.12,-6.24,2026-06-10 19:59 EDT,https://finance.yahoo.com/quote/AVGO/,2026-06-11-stock-brief.md
2026-06-11,RKLB,Rocket Lab Corporation,108.23,108.23 USD,103.30,103.30 USD,-4.77,-4.56,2026-06-10 19:59 EDT,https://finance.yahoo.com/quote/RKLB/,2026-06-11-stock-brief.md
2026-06-11,AAPL,Apple Inc.,290.55,290.55 USD,290.83,290.83 USD,-3.64,0.10,2026-06-10 19:59 EDT,https://finance.yahoo.com/quote/AAPL/,2026-06-11-stock-brief.md
2026-06-11,NVDA,NVIDIA Corporation,208.19,208.19 USD,199.20,199.20 USD,-0.22,-4.32,2026-06-10 19:59 EDT,https://finance.yahoo.com/quote/NVDA/,2026-06-11-stock-brief.md
2026-06-11,TSLA,"Tesla, Inc.",396.68,396.68 USD,378.80,378.80 USD,-3.00,-4.51,2026-06-10 19:59 EDT,https://finance.yahoo.com/quote/TSLA/,2026-06-11-stock-brief.md
2026-06-11,SNDK,Sandisk Corporation,1646.54,"1,646.54 USD",1614.77,"1,614.77 USD",0.28,-1.93,2026-06-10 19:59 EDT,https://finance.yahoo.com/quote/SNDK/,2026-06-11-stock-brief.md
2026-06-11,QQQ,"Invesco QQQ Trust, Series 1",707.83,707.83 USD,689.73,689.73 USD,-1.15,-2.56,2026-06-10 19:59 EDT,https://finance.yahoo.com/quote/QQQ/,2026-06-11-stock-brief.md
2026-06-11,SPY,State Street SPDR S&P 500 ETF T,737.05,737.05 USD,722.86,722.86 USD,-0.29,-1.93,2026-06-10 19:59 EDT,https://finance.yahoo.com/quote/SPY/,2026-06-11-stock-brief.md
2026-06-11,JEPQ,JPMorgan Nasdaq Equity Premium,59.08,59.08 USD,57.73,57.73 USD,-0.92,-2.28,2026-06-10 19:59 EDT,https://finance.yahoo.com/quote/JEPQ/,2026-06-11-stock-brief.md
2026-06-11,ASTS,"AST SpaceMobile, Inc.",88.71,88.71 USD,85.95,85.95 USD,-3.64,-3.11,2026-06-10 19:59 EDT,https://finance.yahoo.com/quote/ASTS/,2026-06-11-stock-brief.md
2026-06-11,MU,"Micron Technology, Inc.",935.89,935.89 USD,877.00,877.00 USD,-1.41,-6.29,2026-06-10 19:59 EDT,https://finance.yahoo.com/quote/MU/,2026-06-11-stock-brief.md
2026-06-11,IREN,IREN LIMITED,54.02,54.02 USD,50.69,50.69 USD,-8.73,-6.17,2026-06-10 19:59 EDT,https://finance.yahoo.com/quote/IREN/,2026-06-11-stock-brief.md
2026-06-11,EOSE,"Eos Energy Enterprises, Inc.",6.26,6.26 USD,6.02,6.02 USD,-6.43,-3.83,2026-06-10 19:59 EDT,https://finance.yahoo.com/quote/EOSE/,2026-06-11-stock-brief.md
2026-06-11,GOOG,Alphabet Inc.,362.29,362.29 USD,351.97,351.97 USD,0.31,-2.85,2026-06-10 19:59 EDT,https://finance.yahoo.com/quote/GOOG/,2026-06-11-stock-brief.md
2026-06-11,DRAM,Roundhill Memory ETF,59.86,59.86 USD,56.40,56.40 USD,-1.09,-5.78,2026-06-10 19:59 EDT,https://finance.yahoo.com/quote/DRAM/,2026-06-11-stock-brief.md
2026-06-11,AMD,"Advanced Micro Devices, Inc.",475.51,475.51 USD,440.59,440.59 USD,-3.02,-7.34,2026-06-10 19:59 EDT,https://finance.yahoo.com/quote/AMD/,2026-06-11-stock-brief.md
2026-06-11,ASML,ASML Holding N.V. - New York Re,1777.77,"1,777.77 USD",1727.69,"1,727.69 USD",1.64,-2.82,2026-06-10 19:59 EDT,https://finance.yahoo.com/quote/ASML/,2026-06-11-stock-brief.md
2026-06-12,INTC,Intel Corporation,116.96,116.96 USD,118.51,118.51 USD,9.27,1.33,2026-06-11 19:59 EDT,https://finance.yahoo.com/quote/INTC/,2026-06-12-stock-brief.md
2026-06-12,AVGO,Broadcom Inc.,385.57,385.57 USD,385.33,385.33 USD,3.62,-0.06,2026-06-11 19:59 EDT,https://finance.yahoo.com/quote/AVGO/,2026-06-12-stock-brief.md
2026-06-12,RKLB,Rocket Lab Corporation,114.78,114.78 USD,121.50,121.50 USD,9.26,5.85,2026-06-11 19:59 EDT,https://finance.yahoo.com/quote/RKLB/,2026-06-12-stock-brief.md
2026-06-12,AAPL,Apple Inc.,295.63,295.63 USD,295.80,295.80 USD,1.39,0.06,2026-06-11 19:59 EDT,https://finance.yahoo.com/quote/AAPL/,2026-06-12-stock-brief.md
2026-06-12,NVDA,NVIDIA Corporation,204.87,204.87 USD,205.98,205.98 USD,2.22,0.54,2026-06-11 19:59 EDT,https://finance.yahoo.com/quote/NVDA/,2026-06-12-stock-brief.md
2026-06-12,TSLA,"Tesla, Inc.",399.15,399.15 USD,399.00,399.00 USD,4.60,-0.04,2026-06-11 19:59 EDT,https://finance.yahoo.com/quote/TSLA/,2026-06-12-stock-brief.md
2026-06-12,SNDK,Sandisk Corporation,1881.51,"1,881.51 USD",1914.00,"1,914.00 USD",14.50,1.73,2026-06-11 19:59 EDT,https://finance.yahoo.com/quote/SNDK/,2026-06-12-stock-brief.md
2026-06-12,QQQ,"Invesco QQQ Trust, Series 1",717.12,717.12 USD,719.38,719.38 USD,3.38,0.32,2026-06-11 19:59 EDT,https://finance.yahoo.com/quote/QQQ/,2026-06-12-stock-brief.md
2026-06-12,SPY,State Street SPDR S&P 500 ETF T,737.76,737.76 USD,739.48,739.48 USD,1.70,0.23,2026-06-11 19:59 EDT,https://finance.yahoo.com/quote/SPY/,2026-06-12-stock-brief.md
2026-06-12,JEPQ,JPMorgan Nasdaq Equity Premium,59.49,59.49 USD,59.59,59.59 USD,2.59,0.16,2026-06-11 19:58 EDT,https://finance.yahoo.com/quote/JEPQ/,2026-06-12-stock-brief.md
2026-06-12,ASTS,"AST SpaceMobile, Inc.",97.56,97.56 USD,104.40,104.40 USD,11.73,7.01,2026-06-11 19:59 EDT,https://finance.yahoo.com/quote/ASTS/,2026-06-12-stock-brief.md
2026-06-12,MU,"Micron Technology, Inc.",995.87,995.87 USD,998.70,998.70 USD,11.66,0.28,2026-06-11 19:59 EDT,https://finance.yahoo.com/quote/MU/,2026-06-12-stock-brief.md
2026-06-12,IREN,IREN LIMITED,56.71,56.71 USD,57.50,57.50 USD,10.07,1.39,2026-06-11 19:59 EDT,https://finance.yahoo.com/quote/IREN/,2026-06-12-stock-brief.md
2026-06-12,EOSE,"Eos Energy Enterprises, Inc.",6.20,6.20 USD,6.26,6.26 USD,2.14,0.97,2026-06-11 19:59 EDT,https://finance.yahoo.com/quote/EOSE/,2026-06-12-stock-brief.md
2026-06-12,GOOG,Alphabet Inc.,356.56,356.56 USD,358.70,358.70 USD,0.92,0.60,2026-06-11 19:59 EDT,https://finance.yahoo.com/quote/GOOG/,2026-06-12-stock-brief.md
2026-06-12,DRAM,Roundhill Memory ETF,65.12,65.12 USD,66.01,66.01 USD,13.51,1.37,2026-06-11 19:59 EDT,https://finance.yahoo.com/quote/DRAM/,2026-06-12-stock-brief.md
2026-06-12,AMD,"Advanced Micro Devices, Inc.",488.45,488.45 USD,491.95,491.95 USD,7.97,0.72,2026-06-11 19:59 EDT,https://finance.yahoo.com/quote/AMD/,2026-06-12-stock-brief.md
2026-06-12,ASML,ASML Holding N.V. - New York Re,1899.48,"1,899.48 USD",1917.56,"1,917.56 USD",9.53,0.95,2026-06-11 19:59 EDT,https://finance.yahoo.com/quote/ASML/,2026-06-12-stock-brief.md
2026-06-13,INTC,Intel Corporation,124.57,124.57 USD,125.38,125.38 USD,6.51,0.65,2026-06-12 19:59 EDT,https://finance.yahoo.com/quote/INTC/,2026-06-13-stock-brief.md
2026-06-13,AVGO,Broadcom Inc.,382.07,382.07 USD,382.55,382.55 USD,-0.91,0.13,2026-06-12 19:59 EDT,https://finance.yahoo.com/quote/AVGO/,2026-06-13-stock-brief.md
2026-06-13,RKLB,Rocket Lab Corporation,102.39,102.39 USD,104.38,104.38 USD,-10.79,1.94,2026-06-12 19:59 EDT,https://finance.yahoo.com/quote/RKLB/,2026-06-13-stock-brief.md
2026-06-13,AAPL,Apple Inc.,291.13,291.13 USD,291.58,291.58 USD,-1.52,0.15,2026-06-12 19:59 EDT,https://finance.yahoo.com/quote/AAPL/,2026-06-13-stock-brief.md
2026-06-13,NVDA,NVIDIA Corporation,205.19,205.19 USD,205.42,205.42 USD,0.16,0.11,2026-06-12 19:59 EDT,https://finance.yahoo.com/quote/NVDA/,2026-06-13-stock-brief.md
2026-06-13,TSLA,"Tesla, Inc.",406.43,406.43 USD,406.10,406.10 USD,1.82,-0.08,2026-06-12 19:59 EDT,https://finance.yahoo.com/quote/TSLA/,2026-06-13-stock-brief.md
2026-06-13,SNDK,Sandisk Corporation,1980.10,"1,980.10 USD",1994.95,"1,994.95 USD",5.24,0.75,2026-06-12 19:59 EDT,https://finance.yahoo.com/quote/SNDK/,2026-06-13-stock-brief.md
2026-06-13,QQQ,"Invesco QQQ Trust, Series 1",721.34,721.34 USD,722.98,722.98 USD,0.59,0.23,2026-06-12 19:59 EDT,https://finance.yahoo.com/quote/QQQ/,2026-06-13-stock-brief.md
2026-06-13,SPY,State Street SPDR S&P 500 ETF T,741.75,741.75 USD,742.36,742.36 USD,0.54,0.08,2026-06-12 19:59 EDT,https://finance.yahoo.com/quote/SPY/,2026-06-13-stock-brief.md
2026-06-13,JEPQ,JPMorgan Nasdaq Equity Premium,59.86,59.86 USD,59.92,59.92 USD,0.62,0.10,2026-06-12 19:59 EDT,https://finance.yahoo.com/quote/JEPQ/,2026-06-13-stock-brief.md
2026-06-13,ASTS,"AST SpaceMobile, Inc.",82.41,82.41 USD,84.14,84.14 USD,-15.53,2.10,2026-06-12 19:59 EDT,https://finance.yahoo.com/quote/ASTS/,2026-06-13-stock-brief.md
2026-06-13,MU,"Micron Technology, Inc.",981.61,981.61 USD,989.60,989.60 USD,-1.43,0.81,2026-06-12 19:59 EDT,https://finance.yahoo.com/quote/MU/,2026-06-13-stock-brief.md
2026-06-13,IREN,IREN LIMITED,59.77,59.77 USD,60.39,60.39 USD,5.40,1.04,2026-06-12 19:59 EDT,https://finance.yahoo.com/quote/IREN/,2026-06-13-stock-brief.md
2026-06-13,EOSE,"Eos Energy Enterprises, Inc.",6.06,6.06 USD,6.19,6.19 USD,-2.26,2.15,2026-06-12 19:59 EDT,https://finance.yahoo.com/quote/EOSE/,2026-06-13-stock-brief.md
2026-06-13,GOOG,Alphabet Inc.,358.16,358.16 USD,359.12,359.12 USD,0.45,0.27,2026-06-12 19:59 EDT,https://finance.yahoo.com/quote/GOOG/,2026-06-13-stock-brief.md
2026-06-13,DRAM,Roundhill Memory ETF,65.01,65.01 USD,65.55,65.55 USD,-0.17,0.83,2026-06-12 19:59 EDT,https://finance.yahoo.com/quote/DRAM/,2026-06-13-stock-brief.md
2026-06-13,AMD,"Advanced Micro Devices, Inc.",511.57,511.57 USD,514.87,514.87 USD,4.73,0.64,2026-06-12 19:59 EDT,https://finance.yahoo.com/quote/AMD/,2026-06-13-stock-brief.md
2026-06-13,ASML,ASML Holding N.V. - New York Re,1863.55,"1,863.55 USD",1863.09,"1,863.09 USD",-1.89,-0.02,2026-06-12 19:59 EDT,https://finance.yahoo.com/quote/ASML/,2026-06-13-stock-brief.md
2026-06-14,INTC,Intel Corporation,124.57,124.57 USD,125.38,125.38 USD,6.51,0.65,2026-06-12 19:59 EDT,https://finance.yahoo.com/quote/INTC/,2026-06-14-stock-brief.md
2026-06-14,AVGO,Broadcom Inc.,382.07,382.07 USD,382.55,382.55 USD,-0.91,0.13,2026-06-12 19:59 EDT,https://finance.yahoo.com/quote/AVGO/,2026-06-14-stock-brief.md
2026-06-14,RKLB,Rocket Lab Corporation,102.39,102.39 USD,104.38,104.38 USD,-10.79,1.94,2026-06-12 19:59 EDT,https://finance.yahoo.com/quote/RKLB/,2026-06-14-stock-brief.md
2026-06-14,AAPL,Apple Inc.,291.13,291.13 USD,291.58,291.58 USD,-1.52,0.15,2026-06-12 19:59 EDT,https://finance.yahoo.com/quote/AAPL/,2026-06-14-stock-brief.md
2026-06-14,NVDA,NVIDIA Corporation,205.19,205.19 USD,205.42,205.42 USD,0.16,0.11,2026-06-12 19:59 EDT,https://finance.yahoo.com/quote/NVDA/,2026-06-14-stock-brief.md
2026-06-14,TSLA,"Tesla, Inc.",406.43,406.43 USD,406.10,406.10 USD,1.82,-0.08,2026-06-12 19:59 EDT,https://finance.yahoo.com/quote/TSLA/,2026-06-14-stock-brief.md
2026-06-14,SNDK,Sandisk Corporation,1980.10,"1,980.10 USD",1994.95,"1,994.95 USD",5.24,0.75,2026-06-12 19:59 EDT,https://finance.yahoo.com/quote/SNDK/,2026-06-14-stock-brief.md
2026-06-14,QQQ,"Invesco QQQ Trust, Series 1",721.34,721.34 USD,722.98,722.98 USD,0.59,0.23,2026-06-12 19:59 EDT,https://finance.yahoo.com/quote/QQQ/,2026-06-14-stock-brief.md
2026-06-14,SPY,State Street SPDR S&P 500 ETF T,741.75,741.75 USD,742.36,742.36 USD,0.54,0.08,2026-06-12 19:59 EDT,https://finance.yahoo.com/quote/SPY/,2026-06-14-stock-brief.md
2026-06-14,JEPQ,JPMorgan Nasdaq Equity Premium,59.86,59.86 USD,59.92,59.92 USD,0.62,0.10,2026-06-12 19:59 EDT,https://finance.yahoo.com/quote/JEPQ/,2026-06-14-stock-brief.md
2026-06-14,ASTS,"AST SpaceMobile, Inc.",82.41,82.41 USD,84.14,84.14 USD,-15.53,2.10,2026-06-12 19:59 EDT,https://finance.yahoo.com/quote/ASTS/,2026-06-14-stock-brief.md
2026-06-14,MU,"Micron Technology, Inc.",981.61,981.61 USD,989.60,989.60 USD,-1.43,0.81,2026-06-12 19:59 EDT,https://finance.yahoo.com/quote/MU/,2026-06-14-stock-brief.md
2026-06-14,IREN,IREN LIMITED,59.77,59.77 USD,60.39,60.39 USD,5.40,1.04,2026-06-12 19:59 EDT,https://finance.yahoo.com/quote/IREN/,2026-06-14-stock-brief.md
2026-06-14,EOSE,"Eos Energy Enterprises, Inc.",6.06,6.06 USD,6.19,6.19 USD,-2.26,2.15,2026-06-12 19:59 EDT,https://finance.yahoo.com/quote/EOSE/,2026-06-14-stock-brief.md
2026-06-14,GOOG,Alphabet Inc.,358.16,358.16 USD,359.12,359.12 USD,0.45,0.27,2026-06-12 19:59 EDT,https://finance.yahoo.com/quote/GOOG/,2026-06-14-stock-brief.md
2026-06-14,DRAM,Roundhill Memory ETF,65.01,65.01 USD,65.55,65.55 USD,-0.17,0.83,2026-06-12 19:59 EDT,https://finance.yahoo.com/quote/DRAM/,2026-06-14-stock-brief.md
2026-06-14,AMD,"Advanced Micro Devices, Inc.",511.57,511.57 USD,514.87,514.87 USD,4.73,0.64,2026-06-12 19:59 EDT,https://finance.yahoo.com/quote/AMD/,2026-06-14-stock-brief.md
2026-06-14,ASML,ASML Holding N.V. - New York Re,1863.55,"1,863.55 USD",1863.09,"1,863.09 USD",-1.89,-0.02,2026-06-12 19:59 EDT,https://finance.yahoo.com/quote/ASML/,2026-06-14-stock-brief.md
2026-06-15,INTC,Intel Corporation,124.57,124.57 USD,125.38,125.38 USD,6.51,0.65,2026-06-12 19:59 EDT,https://finance.yahoo.com/quote/INTC/,2026-06-15-stock-brief.md
2026-06-15,AVGO,Broadcom Inc.,382.07,382.07 USD,382.55,382.55 USD,-0.91,0.13,2026-06-12 19:59 EDT,https://finance.yahoo.com/quote/AVGO/,2026-06-15-stock-brief.md
2026-06-15,RKLB,Rocket Lab Corporation,102.39,102.39 USD,104.38,104.38 USD,-10.79,1.94,2026-06-12 19:59 EDT,https://finance.yahoo.com/quote/RKLB/,2026-06-15-stock-brief.md
2026-06-15,AAPL,Apple Inc.,291.13,291.13 USD,291.58,291.58 USD,-1.52,0.15,2026-06-12 19:59 EDT,https://finance.yahoo.com/quote/AAPL/,2026-06-15-stock-brief.md
2026-06-15,NVDA,NVIDIA Corporation,205.19,205.19 USD,205.42,205.42 USD,0.16,0.11,2026-06-12 19:59 EDT,https://finance.yahoo.com/quote/NVDA/,2026-06-15-stock-brief.md
2026-06-15,TSLA,"Tesla, Inc.",406.43,406.43 USD,406.10,406.10 USD,1.82,-0.08,2026-06-12 19:59 EDT,https://finance.yahoo.com/quote/TSLA/,2026-06-15-stock-brief.md
2026-06-15,SNDK,Sandisk Corporation,1980.10,"1,980.10 USD",1994.95,"1,994.95 USD",5.24,0.75,2026-06-12 19:59 EDT,https://finance.yahoo.com/quote/SNDK/,2026-06-15-stock-brief.md
2026-06-15,QQQ,"Invesco QQQ Trust, Series 1",721.34,721.34 USD,722.98,722.98 USD,0.59,0.23,2026-06-12 19:59 EDT,https://finance.yahoo.com/quote/QQQ/,2026-06-15-stock-brief.md
2026-06-15,SPY,State Street SPDR S&P 500 ETF T,741.75,741.75 USD,742.36,742.36 USD,0.54,0.08,2026-06-12 19:59 EDT,https://finance.yahoo.com/quote/SPY/,2026-06-15-stock-brief.md
2026-06-15,JEPQ,JPMorgan Nasdaq Equity Premium,59.86,59.86 USD,59.92,59.92 USD,0.62,0.10,2026-06-12 19:59 EDT,https://finance.yahoo.com/quote/JEPQ/,2026-06-15-stock-brief.md
2026-06-15,ASTS,"AST SpaceMobile, Inc.",82.41,82.41 USD,84.14,84.14 USD,-15.53,2.10,2026-06-12 19:59 EDT,https://finance.yahoo.com/quote/ASTS/,2026-06-15-stock-brief.md
2026-06-15,MU,"Micron Technology, Inc.",981.61,981.61 USD,989.60,989.60 USD,-1.43,0.81,2026-06-12 19:59 EDT,https://finance.yahoo.com/quote/MU/,2026-06-15-stock-brief.md
2026-06-15,IREN,IREN LIMITED,59.77,59.77 USD,60.39,60.39 USD,5.40,1.04,2026-06-12 19:59 EDT,https://finance.yahoo.com/quote/IREN/,2026-06-15-stock-brief.md
2026-06-15,EOSE,"Eos Energy Enterprises, Inc.",6.06,6.06 USD,6.19,6.19 USD,-2.26,2.15,2026-06-12 19:59 EDT,https://finance.yahoo.com/quote/EOSE/,2026-06-15-stock-brief.md
2026-06-15,GOOG,Alphabet Inc.,358.16,358.16 USD,359.12,359.12 USD,0.45,0.27,2026-06-12 19:59 EDT,https://finance.yahoo.com/quote/GOOG/,2026-06-15-stock-brief.md
2026-06-15,DRAM,Roundhill Memory ETF,65.01,65.01 USD,65.55,65.55 USD,-0.17,0.83,2026-06-12 19:59 EDT,https://finance.yahoo.com/quote/DRAM/,2026-06-15-stock-brief.md
2026-06-15,AMD,"Advanced Micro Devices, Inc.",511.57,511.57 USD,514.87,514.87 USD,4.73,0.64,2026-06-12 19:59 EDT,https://finance.yahoo.com/quote/AMD/,2026-06-15-stock-brief.md
2026-06-15,ASML,ASML Holding N.V. - New York Re,1863.55,"1,863.55 USD",1863.09,"1,863.09 USD",-1.89,-0.02,2026-06-12 19:59 EDT,https://finance.yahoo.com/quote/ASML/,2026-06-15-stock-brief.md
2026-06-16,INTC,Intel Corporation,124.57,124.57 USD,125.97,125.97 USD,6.51,1.12,2026-06-15 19:59 EDT,https://finance.yahoo.com/quote/INTC/,2026-06-16-stock-brief.md
2026-06-16,AVGO,Broadcom Inc.,382.07,382.07 USD,394.81,394.81 USD,-0.91,3.33,2026-06-15 19:59 EDT,https://finance.yahoo.com/quote/AVGO/,2026-06-16-stock-brief.md
2026-06-16,RKLB,Rocket Lab Corporation,109.25,109.25 USD,108.62,108.62 USD,6.70,-0.58,2026-06-15 19:59 EDT,https://finance.yahoo.com/quote/RKLB/,2026-06-16-stock-brief.md
2026-06-16,AAPL,Apple Inc.,291.13,291.13 USD,296.36,296.36 USD,-1.52,1.80,2026-06-15 19:59 EDT,https://finance.yahoo.com/quote/AAPL/,2026-06-16-stock-brief.md
2026-06-16,NVDA,NVIDIA Corporation,205.19,205.19 USD,211.94,211.94 USD,0.16,3.29,2026-06-15 19:59 EDT,https://finance.yahoo.com/quote/NVDA/,2026-06-16-stock-brief.md
2026-06-16,TSLA,"Tesla, Inc.",406.43,406.43 USD,408.98,408.98 USD,1.82,0.63,2026-06-15 19:59 EDT,https://finance.yahoo.com/quote/TSLA/,2026-06-16-stock-brief.md
2026-06-16,SNDK,Sandisk Corporation,1980.10,"1,980.10 USD",2104.78,"2,104.78 USD",5.24,6.30,2026-06-15 19:59 EDT,https://finance.yahoo.com/quote/SNDK/,2026-06-16-stock-brief.md
2026-06-16,QQQ,"Invesco QQQ Trust, Series 1",744.00,744.00 USD,742.88,742.88 USD,3.14,-0.15,2026-06-15 19:59 EDT,https://finance.yahoo.com/quote/QQQ/,2026-06-16-stock-brief.md
2026-06-16,SPY,State Street SPDR S&P 500 ETF T,741.75,741.75 USD,753.92,753.92 USD,0.54,1.64,2026-06-15 19:59 EDT,https://finance.yahoo.com/quote/SPY/,2026-06-16-stock-brief.md
2026-06-16,JEPQ,JPMorgan Nasdaq Equity Premium,61.18,61.18 USD,61.09,61.09 USD,2.21,-0.14,2026-06-15 19:58 EDT,https://finance.yahoo.com/quote/JEPQ/,2026-06-16-stock-brief.md
2026-06-16,ASTS,"AST SpaceMobile, Inc.",87.57,87.57 USD,87.45,87.45 USD,6.26,-0.14,2026-06-15 19:59 EDT,https://finance.yahoo.com/quote/ASTS/,2026-06-16-stock-brief.md
2026-06-16,MU,"Micron Technology, Inc.",981.61,981.61 USD,1083.52,"1,083.52 USD",-1.43,10.38,2026-06-15 19:59 EDT,https://finance.yahoo.com/quote/MU/,2026-06-16-stock-brief.md
2026-06-16,IREN,IREN LIMITED,60.85,60.85 USD,60.78,60.78 USD,1.81,-0.12,2026-06-15 19:59 EDT,https://finance.yahoo.com/quote/IREN/,2026-06-16-stock-brief.md
2026-06-16,EOSE,"Eos Energy Enterprises, Inc.",6.38,6.38 USD,6.37,6.37 USD,5.28,-0.16,2026-06-15 19:59 EDT,https://finance.yahoo.com/quote/EOSE/,2026-06-16-stock-brief.md
2026-06-16,GOOG,Alphabet Inc.,367.11,367.11 USD,366.85,366.85 USD,2.50,-0.07,2026-06-15 19:59 EDT,https://finance.yahoo.com/quote/GOOG/,2026-06-16-stock-brief.md
2026-06-16,DRAM,Roundhill Memory ETF,65.01,65.01 USD,70.80,70.80 USD,-0.17,8.91,2026-06-15 19:59 EDT,https://finance.yahoo.com/quote/DRAM/,2026-06-16-stock-brief.md
2026-06-16,AMD,"Advanced Micro Devices, Inc.",511.57,511.57 USD,546.00,546.00 USD,4.73,6.73,2026-06-15 19:59 EDT,https://finance.yahoo.com/quote/AMD/,2026-06-16-stock-brief.md
2026-06-16,ASML,ASML Holding N.V. - New York Re,1892.66,"1,892.66 USD",1892.00,"1,892.00 USD",1.56,-0.03,2026-06-15 19:59 EDT,https://finance.yahoo.com/quote/ASML/,2026-06-16-stock-brief.md
2026-06-17,INTC,Intel Corporation,117.05,117.05 USD,118.43,118.43 USD,-8.45,1.18,2026-06-16 19:59 EDT,https://finance.yahoo.com/quote/INTC/,2026-06-17-stock-brief.md
2026-06-17,AVGO,Broadcom Inc.,376.71,376.71 USD,377.71,377.71 USD,-4.37,0.26,2026-06-16 19:59 EDT,https://finance.yahoo.com/quote/AVGO/,2026-06-17-stock-brief.md
2026-06-17,RKLB,Rocket Lab Corporation,109.25,109.25 USD,104.57,104.57 USD,6.70,-4.28,2026-06-16 19:59 EDT,https://finance.yahoo.com/quote/RKLB/,2026-06-17-stock-brief.md
2026-06-17,AAPL,Apple Inc.,299.24,299.24 USD,298.90,298.90 USD,0.95,-0.11,2026-06-16 19:59 EDT,https://finance.yahoo.com/quote/AAPL/,2026-06-17-stock-brief.md
2026-06-17,NVDA,NVIDIA Corporation,207.41,207.41 USD,207.55,207.55 USD,-2.37,0.07,2026-06-16 19:59 EDT,https://finance.yahoo.com/quote/NVDA/,2026-06-17-stock-brief.md
2026-06-17,TSLA,"Tesla, Inc.",404.66,404.66 USD,402.84,402.84 USD,-1.58,-0.45,2026-06-16 19:59 EDT,https://finance.yahoo.com/quote/TSLA/,2026-06-17-stock-brief.md
2026-06-17,SNDK,Sandisk Corporation,1991.55,"1,991.55 USD",2019.00,"2,019.00 USD",-5.52,1.38,2026-06-16 19:59 EDT,https://finance.yahoo.com/quote/SNDK/,2026-06-17-stock-brief.md
2026-06-17,QQQ,"Invesco QQQ Trust, Series 1",729.86,729.86 USD,730.44,730.44 USD,-1.90,0.08,2026-06-16 19:59 EDT,https://finance.yahoo.com/quote/QQQ/,2026-06-17-stock-brief.md
2026-06-17,SPY,State Street SPDR S&P 500 ETF T,750.33,750.33 USD,750.78,750.78 USD,-0.60,0.06,2026-06-16 19:59 EDT,https://finance.yahoo.com/quote/SPY/,2026-06-17-stock-brief.md
2026-06-17,JEPQ,JPMorgan Nasdaq Equity Premium,61.18,61.18 USD,60.98,60.98 USD,2.21,-0.33,2026-06-16 19:59 EDT,https://finance.yahoo.com/quote/JEPQ/,2026-06-17-stock-brief.md
2026-06-17,ASTS,"AST SpaceMobile, Inc.",87.57,87.57 USD,84.16,84.16 USD,6.26,-3.89,2026-06-16 19:59 EDT,https://finance.yahoo.com/quote/ASTS/,2026-06-17-stock-brief.md
2026-06-17,MU,"Micron Technology, Inc.",1020.76,"1,020.76 USD",1033.88,"1,033.88 USD",-6.18,1.28,2026-06-16 19:59 EDT,https://finance.yahoo.com/quote/MU/,2026-06-17-stock-brief.md
2026-06-17,IREN,IREN LIMITED,60.85,60.85 USD,58.80,58.80 USD,1.81,-3.37,2026-06-16 19:59 EDT,https://finance.yahoo.com/quote/IREN/,2026-06-17-stock-brief.md
2026-06-17,EOSE,"Eos Energy Enterprises, Inc.",6.38,6.38 USD,6.87,6.87 USD,5.28,7.68,2026-06-16 19:59 EDT,https://finance.yahoo.com/quote/EOSE/,2026-06-17-stock-brief.md
2026-06-17,GOOG,Alphabet Inc.,367.11,367.11 USD,369.51,369.51 USD,2.50,0.65,2026-06-16 19:59 EDT,https://finance.yahoo.com/quote/GOOG/,2026-06-17-stock-brief.md
2026-06-17,DRAM,Roundhill Memory ETF,68.12,68.12 USD,68.90,68.90 USD,-4.15,1.15,2026-06-16 19:59 EDT,https://finance.yahoo.com/quote/DRAM/,2026-06-17-stock-brief.md
2026-06-17,AMD,"Advanced Micro Devices, Inc.",507.29,507.29 USD,510.77,510.77 USD,-7.30,0.69,2026-06-16 19:59 EDT,https://finance.yahoo.com/quote/AMD/,2026-06-17-stock-brief.md
2026-06-17,ASML,ASML Holding N.V. - New York Re,1803.89,"1,803.89 USD",1817.07,"1,817.07 USD",-4.69,0.73,2026-06-16 19:59 EDT,https://finance.yahoo.com/quote/ASML/,2026-06-17-stock-brief.md
2026-06-18,INTC,Intel Corporation,121.10,121.10 USD,124.33,124.33 USD,3.46,2.67,2026-06-17 20:00 EDT,https://finance.yahoo.com/quote/INTC/,2026-06-18-stock-brief.md
2026-06-18,AVGO,Broadcom Inc.,392.90,392.90 USD,398.31,398.31 USD,4.30,1.38,2026-06-17 19:59 EDT,https://finance.yahoo.com/quote/AVGO/,2026-06-18-stock-brief.md
2026-06-18,RKLB,Rocket Lab Corporation,107.98,107.98 USD,109.78,109.78 USD,3.20,1.67,2026-06-17 19:59 EDT,https://finance.yahoo.com/quote/RKLB/,2026-06-18-stock-brief.md
2026-06-18,AAPL,Apple Inc.,295.95,295.95 USD,297.14,297.14 USD,-1.10,0.40,2026-06-17 19:59 EDT,https://finance.yahoo.com/quote/AAPL/,2026-06-18-stock-brief.md
2026-06-18,NVDA,NVIDIA Corporation,204.65,204.65 USD,206.30,206.30 USD,-1.33,0.81,2026-06-17 19:59 EDT,https://finance.yahoo.com/quote/NVDA/,2026-06-18-stock-brief.md
2026-06-18,TSLA,"Tesla, Inc.",396.38,396.38 USD,397.75,397.75 USD,-2.05,0.35,2026-06-17 19:59 EDT,https://finance.yahoo.com/quote/TSLA/,2026-06-18-stock-brief.md
2026-06-18,SNDK,Sandisk Corporation,1958.80,"1,958.80 USD",2009.99,"2,009.99 USD",-1.64,2.61,2026-06-17 19:59 EDT,https://finance.yahoo.com/quote/SNDK/,2026-06-18-stock-brief.md
2026-06-18,QQQ,"Invesco QQQ Trust, Series 1",722.51,722.51 USD,729.96,729.96 USD,-1.01,1.03,2026-06-17 19:59 EDT,https://finance.yahoo.com/quote/QQQ/,2026-06-18-stock-brief.md
2026-06-18,SPY,State Street SPDR S&P 500 ETF T,740.96,740.96 USD,744.69,744.69 USD,-1.25,0.50,2026-06-17 20:00 EDT,https://finance.yahoo.com/quote/SPY/,2026-06-18-stock-brief.md
2026-06-18,JEPQ,JPMorgan Nasdaq Equity Premium,60.37,60.37 USD,60.80,60.80 USD,-0.67,0.71,2026-06-17 19:59 EDT,https://finance.yahoo.com/quote/JEPQ/,2026-06-18-stock-brief.md
2026-06-18,ASTS,"AST SpaceMobile, Inc.",85.43,85.43 USD,86.70,86.70 USD,3.87,1.49,2026-06-17 19:59 EDT,https://finance.yahoo.com/quote/ASTS/,2026-06-18-stock-brief.md
2026-06-18,MU,"Micron Technology, Inc.",1043.19,"1,043.19 USD",1077.70,"1,077.70 USD",2.20,3.31,2026-06-17 19:59 EDT,https://finance.yahoo.com/quote/MU/,2026-06-18-stock-brief.md
2026-06-18,IREN,IREN LIMITED,58.11,58.11 USD,59.07,59.07 USD,-1.81,1.65,2026-06-17 19:59 EDT,https://finance.yahoo.com/quote/IREN/,2026-06-18-stock-brief.md
2026-06-18,EOSE,"Eos Energy Enterprises, Inc.",7.60,7.60 USD,7.86,7.86 USD,11.60,3.42,2026-06-17 19:59 EDT,https://finance.yahoo.com/quote/EOSE/,2026-06-18-stock-brief.md
2026-06-18,GOOG,Alphabet Inc.,362.10,362.10 USD,363.99,363.99 USD,-2.43,0.52,2026-06-17 19:59 EDT,https://finance.yahoo.com/quote/GOOG/,2026-06-18-stock-brief.md
2026-06-18,DRAM,Roundhill Memory ETF,69.95,69.95 USD,72.39,72.39 USD,2.69,3.49,2026-06-17 19:59 EDT,https://finance.yahoo.com/quote/DRAM/,2026-06-18-stock-brief.md
2026-06-18,AMD,"Advanced Micro Devices, Inc.",512.48,512.48 USD,521.99,521.99 USD,1.02,1.86,2026-06-17 19:59 EDT,https://finance.yahoo.com/quote/AMD/,2026-06-18-stock-brief.md
2026-06-18,ASML,ASML Holding N.V. - New York Re,1867.83,"1,867.83 USD",1909.00,"1,909.00 USD",3.54,2.20,2026-06-17 19:59 EDT,https://finance.yahoo.com/quote/ASML/,2026-06-18-stock-brief.md
2026-06-19,INTC,Intel Corporation,121.10,121.10 USD,134.18,134.18 USD,3.46,10.80,2026-06-18 19:59 EDT,https://finance.yahoo.com/quote/INTC/,2026-06-19-stock-brief.md
2026-06-19,AVGO,Broadcom Inc.,392.90,392.90 USD,411.30,411.30 USD,4.30,4.68,2026-06-18 20:00 EDT,https://finance.yahoo.com/quote/AVGO/,2026-06-19-stock-brief.md
2026-06-19,RKLB,Rocket Lab Corporation,107.98,107.98 USD,106.20,106.20 USD,3.20,-1.65,2026-06-18 19:59 EDT,https://finance.yahoo.com/quote/RKLB/,2026-06-19-stock-brief.md
2026-06-19,AAPL,Apple Inc.,295.95,295.95 USD,297.20,297.20 USD,-1.10,0.42,2026-06-18 19:59 EDT,https://finance.yahoo.com/quote/AAPL/,2026-06-19-stock-brief.md
2026-06-19,NVDA,NVIDIA Corporation,204.65,204.65 USD,210.33,210.33 USD,-1.33,2.78,2026-06-18 19:59 EDT,https://finance.yahoo.com/quote/NVDA/,2026-06-19-stock-brief.md
2026-06-19,TSLA,"Tesla, Inc.",396.38,396.38 USD,398.73,398.73 USD,-2.05,0.59,2026-06-18 19:59 EDT,https://finance.yahoo.com/quote/TSLA/,2026-06-19-stock-brief.md
2026-06-19,SNDK,Sandisk Corporation,1958.80,"1,958.80 USD",2209.28,"2,209.28 USD",-1.64,12.79,2026-06-18 19:59 EDT,https://finance.yahoo.com/quote/SNDK/,2026-06-19-stock-brief.md
2026-06-19,QQQ,"Invesco QQQ Trust, Series 1",722.51,722.51 USD,739.78,739.78 USD,-1.01,2.39,2026-06-18 19:59 EDT,https://finance.yahoo.com/quote/QQQ/,2026-06-19-stock-brief.md
2026-06-19,SPY,State Street SPDR S&P 500 ETF T,740.96,740.96 USD,746.94,746.94 USD,-1.25,0.81,2026-06-18 19:59 EDT,https://finance.yahoo.com/quote/SPY/,2026-06-19-stock-brief.md
2026-06-19,JEPQ,JPMorgan Nasdaq Equity Premium,60.37,60.37 USD,61.36,61.36 USD,-0.67,1.64,2026-06-18 19:59 EDT,https://finance.yahoo.com/quote/JEPQ/,2026-06-19-stock-brief.md
2026-06-19,ASTS,"AST SpaceMobile, Inc.",85.43,85.43 USD,80.40,80.40 USD,3.87,-5.89,2026-06-18 19:59 EDT,https://finance.yahoo.com/quote/ASTS/,2026-06-19-stock-brief.md
2026-06-19,MU,"Micron Technology, Inc.",1043.19,"1,043.19 USD",1151.95,"1,151.95 USD",2.20,10.43,2026-06-18 19:59 EDT,https://finance.yahoo.com/quote/MU/,2026-06-19-stock-brief.md
2026-06-19,IREN,IREN LIMITED,58.11,58.11 USD,60.03,60.03 USD,-1.81,3.30,2026-06-18 19:59 EDT,https://finance.yahoo.com/quote/IREN/,2026-06-19-stock-brief.md
2026-06-19,EOSE,"Eos Energy Enterprises, Inc.",7.60,7.60 USD,7.67,7.67 USD,11.60,0.87,2026-06-18 19:59 EDT,https://finance.yahoo.com/quote/EOSE/,2026-06-19-stock-brief.md
2026-06-19,GOOG,Alphabet Inc.,362.10,362.10 USD,365.04,365.04 USD,-2.43,0.81,2026-06-18 19:59 EDT,https://finance.yahoo.com/quote/GOOG/,2026-06-19-stock-brief.md
2026-06-19,DRAM,Roundhill Memory ETF,69.95,69.95 USD,78.15,78.15 USD,2.69,11.72,2026-06-18 19:59 EDT,https://finance.yahoo.com/quote/DRAM/,2026-06-19-stock-brief.md
2026-06-19,AMD,"Advanced Micro Devices, Inc.",512.48,512.48 USD,536.62,536.62 USD,1.02,4.71,2026-06-18 19:59 EDT,https://finance.yahoo.com/quote/AMD/,2026-06-19-stock-brief.md
2026-06-19,ASML,ASML Holding N.V. - New York Re,1867.83,"1,867.83 USD",1928.69,"1,928.69 USD",3.54,3.26,2026-06-18 19:59 EDT,https://finance.yahoo.com/quote/ASML/,2026-06-19-stock-brief.md
2026-06-20,INTC,Intel Corporation,133.99,133.99 USD,134.18,134.18 USD,10.64,0.14,2026-06-18 19:59 EDT,https://finance.yahoo.com/quote/INTC/,2026-06-20-stock-brief.md
2026-06-20,AVGO,Broadcom Inc.,411.35,411.35 USD,411.30,411.30 USD,4.70,-0.01,2026-06-18 20:00 EDT,https://finance.yahoo.com/quote/AVGO/,2026-06-20-stock-brief.md
2026-06-20,RKLB,Rocket Lab Corporation,107.24,107.24 USD,106.20,106.20 USD,-0.69,-0.97,2026-06-18 19:59 EDT,https://finance.yahoo.com/quote/RKLB/,2026-06-20-stock-brief.md
2026-06-20,AAPL,Apple Inc.,298.01,298.01 USD,297.20,297.20 USD,0.70,-0.27,2026-06-18 19:59 EDT,https://finance.yahoo.com/quote/AAPL/,2026-06-20-stock-brief.md
2026-06-20,NVDA,NVIDIA Corporation,210.69,210.69 USD,210.33,210.33 USD,2.95,-0.17,2026-06-18 19:59 EDT,https://finance.yahoo.com/quote/NVDA/,2026-06-20-stock-brief.md
2026-06-20,TSLA,"Tesla, Inc.",400.49,400.49 USD,398.73,398.73 USD,1.04,-0.44,2026-06-18 19:59 EDT,https://finance.yahoo.com/quote/TSLA/,2026-06-20-stock-brief.md
2026-06-20,SNDK,Sandisk Corporation,2184.75,"2,184.75 USD",2209.28,"2,209.28 USD",11.54,1.12,2026-06-18 19:59 EDT,https://finance.yahoo.com/quote/SNDK/,2026-06-20-stock-brief.md
2026-06-20,QQQ,"Invesco QQQ Trust, Series 1",740.62,740.62 USD,739.78,739.78 USD,2.51,-0.11,2026-06-18 19:59 EDT,https://finance.yahoo.com/quote/QQQ/,2026-06-20-stock-brief.md
2026-06-20,SPY,State Street SPDR S&P 500 ETF T,746.74,746.74 USD,746.94,746.94 USD,0.78,0.03,2026-06-18 19:59 EDT,https://finance.yahoo.com/quote/SPY/,2026-06-20-stock-brief.md
2026-06-20,JEPQ,JPMorgan Nasdaq Equity Premium,61.34,61.34 USD,61.36,61.36 USD,1.61,0.03,2026-06-18 19:59 EDT,https://finance.yahoo.com/quote/JEPQ/,2026-06-20-stock-brief.md
2026-06-20,ASTS,"AST SpaceMobile, Inc.",80.66,80.66 USD,80.40,80.40 USD,-5.58,-0.32,2026-06-18 19:59 EDT,https://finance.yahoo.com/quote/ASTS/,2026-06-20-stock-brief.md
2026-06-20,MU,"Micron Technology, Inc.",1133.99,"1,133.99 USD",1151.95,"1,151.95 USD",8.70,1.58,2026-06-18 19:59 EDT,https://finance.yahoo.com/quote/MU/,2026-06-20-stock-brief.md
2026-06-20,IREN,IREN LIMITED,59.96,59.96 USD,60.03,60.03 USD,3.18,0.12,2026-06-18 19:59 EDT,https://finance.yahoo.com/quote/IREN/,2026-06-20-stock-brief.md
2026-06-20,EOSE,"Eos Energy Enterprises, Inc.",7.65,7.65 USD,7.67,7.67 USD,0.66,0.21,2026-06-18 19:59 EDT,https://finance.yahoo.com/quote/EOSE/,2026-06-20-stock-brief.md
2026-06-20,GOOG,Alphabet Inc.,367.46,367.46 USD,365.04,365.04 USD,1.48,-0.66,2026-06-18 19:59 EDT,https://finance.yahoo.com/quote/GOOG/,2026-06-20-stock-brief.md
2026-06-20,DRAM,Roundhill Memory ETF,76.71,76.71 USD,78.15,78.15 USD,9.66,1.88,2026-06-18 19:59 EDT,https://finance.yahoo.com/quote/DRAM/,2026-06-20-stock-brief.md
2026-06-20,AMD,"Advanced Micro Devices, Inc.",537.37,537.37 USD,536.62,536.62 USD,4.86,-0.14,2026-06-18 19:59 EDT,https://finance.yahoo.com/quote/AMD/,2026-06-20-stock-brief.md
2026-06-20,ASML,ASML Holding N.V. - New York Re,1929.68,"1,929.68 USD",1928.69,"1,928.69 USD",3.31,-0.05,2026-06-18 19:59 EDT,https://finance.yahoo.com/quote/ASML/,2026-06-20-stock-brief.md
2026-06-21,INTC,Intel Corporation,133.99,133.99 USD,134.18,134.18 USD,10.64,0.14,2026-06-18 19:59 EDT,https://finance.yahoo.com/quote/INTC/,2026-06-21-stock-brief.md
2026-06-21,AVGO,Broadcom Inc.,411.35,411.35 USD,411.30,411.30 USD,4.70,-0.01,2026-06-18 20:00 EDT,https://finance.yahoo.com/quote/AVGO/,2026-06-21-stock-brief.md
2026-06-21,RKLB,Rocket Lab Corporation,107.24,107.24 USD,106.20,106.20 USD,-0.69,-0.97,2026-06-18 19:59 EDT,https://finance.yahoo.com/quote/RKLB/,2026-06-21-stock-brief.md
2026-06-21,AAPL,Apple Inc.,298.01,298.01 USD,297.20,297.20 USD,0.70,-0.27,2026-06-18 19:59 EDT,https://finance.yahoo.com/quote/AAPL/,2026-06-21-stock-brief.md
2026-06-21,NVDA,NVIDIA Corporation,210.69,210.69 USD,210.33,210.33 USD,2.95,-0.17,2026-06-18 19:59 EDT,https://finance.yahoo.com/quote/NVDA/,2026-06-21-stock-brief.md
2026-06-21,TSLA,"Tesla, Inc.",400.49,400.49 USD,398.73,398.73 USD,1.04,-0.44,2026-06-18 19:59 EDT,https://finance.yahoo.com/quote/TSLA/,2026-06-21-stock-brief.md
2026-06-21,SNDK,Sandisk Corporation,2184.75,"2,184.75 USD",2209.28,"2,209.28 USD",11.54,1.12,2026-06-18 19:59 EDT,https://finance.yahoo.com/quote/SNDK/,2026-06-21-stock-brief.md
2026-06-21,QQQ,"Invesco QQQ Trust, Series 1",740.62,740.62 USD,739.78,739.78 USD,2.51,-0.11,2026-06-18 19:59 EDT,https://finance.yahoo.com/quote/QQQ/,2026-06-21-stock-brief.md
2026-06-21,SPY,State Street SPDR S&P 500 ETF T,746.74,746.74 USD,746.94,746.94 USD,0.78,0.03,2026-06-18 19:59 EDT,https://finance.yahoo.com/quote/SPY/,2026-06-21-stock-brief.md
2026-06-21,JEPQ,JPMorgan Nasdaq Equity Premium,61.34,61.34 USD,61.36,61.36 USD,1.61,0.03,2026-06-18 19:59 EDT,https://finance.yahoo.com/quote/JEPQ/,2026-06-21-stock-brief.md
2026-06-21,ASTS,"AST SpaceMobile, Inc.",80.66,80.66 USD,80.40,80.40 USD,-5.58,-0.32,2026-06-18 19:59 EDT,https://finance.yahoo.com/quote/ASTS/,2026-06-21-stock-brief.md
2026-06-21,MU,"Micron Technology, Inc.",1133.99,"1,133.99 USD",1151.95,"1,151.95 USD",8.70,1.58,2026-06-18 19:59 EDT,https://finance.yahoo.com/quote/MU/,2026-06-21-stock-brief.md
2026-06-21,IREN,IREN LIMITED,59.96,59.96 USD,60.03,60.03 USD,3.18,0.12,2026-06-18 19:59 EDT,https://finance.yahoo.com/quote/IREN/,2026-06-21-stock-brief.md
2026-06-21,EOSE,"Eos Energy Enterprises, Inc.",7.65,7.65 USD,7.67,7.67 USD,0.66,0.21,2026-06-18 19:59 EDT,https://finance.yahoo.com/quote/EOSE/,2026-06-21-stock-brief.md
2026-06-21,GOOG,Alphabet Inc.,367.46,367.46 USD,365.04,365.04 USD,1.48,-0.66,2026-06-18 19:59 EDT,https://finance.yahoo.com/quote/GOOG/,2026-06-21-stock-brief.md
2026-06-21,DRAM,Roundhill Memory ETF,76.71,76.71 USD,78.15,78.15 USD,9.66,1.88,2026-06-18 19:59 EDT,https://finance.yahoo.com/quote/DRAM/,2026-06-21-stock-brief.md
2026-06-21,AMD,"Advanced Micro Devices, Inc.",537.37,537.37 USD,536.62,536.62 USD,4.86,-0.14,2026-06-18 19:59 EDT,https://finance.yahoo.com/quote/AMD/,2026-06-21-stock-brief.md
2026-06-21,ASML,ASML Holding N.V. - New York Re,1929.68,"1,929.68 USD",1928.69,"1,928.69 USD",3.31,-0.05,2026-06-18 19:59 EDT,https://finance.yahoo.com/quote/ASML/,2026-06-21-stock-brief.md
2026-06-22,INTC,Intel Corporation,133.99,133.99 USD,134.18,134.18 USD,10.64,0.14,2026-06-18 19:59 EDT,https://finance.yahoo.com/quote/INTC/,2026-06-22-stock-brief.md
2026-06-22,AVGO,Broadcom Inc.,411.35,411.35 USD,411.30,411.30 USD,4.70,-0.01,2026-06-18 20:00 EDT,https://finance.yahoo.com/quote/AVGO/,2026-06-22-stock-brief.md
2026-06-22,RKLB,Rocket Lab Corporation,107.24,107.24 USD,106.20,106.20 USD,-0.69,-0.97,2026-06-18 19:59 EDT,https://finance.yahoo.com/quote/RKLB/,2026-06-22-stock-brief.md
2026-06-22,AAPL,Apple Inc.,298.01,298.01 USD,297.20,297.20 USD,0.70,-0.27,2026-06-18 19:59 EDT,https://finance.yahoo.com/quote/AAPL/,2026-06-22-stock-brief.md
2026-06-22,NVDA,NVIDIA Corporation,210.69,210.69 USD,210.33,210.33 USD,2.95,-0.17,2026-06-18 19:59 EDT,https://finance.yahoo.com/quote/NVDA/,2026-06-22-stock-brief.md
2026-06-22,TSLA,"Tesla, Inc.",400.49,400.49 USD,398.73,398.73 USD,1.04,-0.44,2026-06-18 19:59 EDT,https://finance.yahoo.com/quote/TSLA/,2026-06-22-stock-brief.md
2026-06-22,SNDK,Sandisk Corporation,2184.75,"2,184.75 USD",2209.28,"2,209.28 USD",11.54,1.12,2026-06-18 19:59 EDT,https://finance.yahoo.com/quote/SNDK/,2026-06-22-stock-brief.md
2026-06-22,QQQ,"Invesco QQQ Trust, Series 1",740.62,740.62 USD,739.78,739.78 USD,2.51,-0.11,2026-06-18 19:59 EDT,https://finance.yahoo.com/quote/QQQ/,2026-06-22-stock-brief.md
2026-06-22,SPY,State Street SPDR S&P 500 ETF T,746.74,746.74 USD,746.94,746.94 USD,0.78,0.03,2026-06-18 19:59 EDT,https://finance.yahoo.com/quote/SPY/,2026-06-22-stock-brief.md
2026-06-22,JEPQ,JPMorgan Nasdaq Equity Premium,61.34,61.34 USD,61.36,61.36 USD,1.61,0.03,2026-06-18 19:59 EDT,https://finance.yahoo.com/quote/JEPQ/,2026-06-22-stock-brief.md
2026-06-22,ASTS,"AST SpaceMobile, Inc.",80.66,80.66 USD,80.40,80.40 USD,-5.58,-0.32,2026-06-18 19:59 EDT,https://finance.yahoo.com/quote/ASTS/,2026-06-22-stock-brief.md
2026-06-22,MU,"Micron Technology, Inc.",1133.99,"1,133.99 USD",1151.95,"1,151.95 USD",8.70,1.58,2026-06-18 19:59 EDT,https://finance.yahoo.com/quote/MU/,2026-06-22-stock-brief.md
2026-06-22,IREN,IREN LIMITED,59.96,59.96 USD,60.03,60.03 USD,3.18,0.12,2026-06-18 19:59 EDT,https://finance.yahoo.com/quote/IREN/,2026-06-22-stock-brief.md
2026-06-22,EOSE,"Eos Energy Enterprises, Inc.",7.65,7.65 USD,7.67,7.67 USD,0.66,0.21,2026-06-18 19:59 EDT,https://finance.yahoo.com/quote/EOSE/,2026-06-22-stock-brief.md
2026-06-22,GOOG,Alphabet Inc.,367.46,367.46 USD,365.04,365.04 USD,1.48,-0.66,2026-06-18 19:59 EDT,https://finance.yahoo.com/quote/GOOG/,2026-06-22-stock-brief.md
2026-06-22,DRAM,Roundhill Memory ETF,76.71,76.71 USD,78.15,78.15 USD,9.66,1.88,2026-06-18 19:59 EDT,https://finance.yahoo.com/quote/DRAM/,2026-06-22-stock-brief.md
2026-06-22,AMD,"Advanced Micro Devices, Inc.",537.37,537.37 USD,536.62,536.62 USD,4.86,-0.14,2026-06-18 19:59 EDT,https://finance.yahoo.com/quote/AMD/,2026-06-22-stock-brief.md
2026-06-22,ASML,ASML Holding N.V. - New York Re,1929.68,"1,929.68 USD",1928.69,"1,928.69 USD",3.31,-0.05,2026-06-18 19:59 EDT,https://finance.yahoo.com/quote/ASML/,2026-06-22-stock-brief.md
2026-06-23,INTC,Intel Corporation,140.94,140.94 USD,139.00,139.00 USD,5.19,-1.38,2026-06-22 19:59 EDT,https://finance.yahoo.com/quote/INTC/,2026-06-23-stock-brief.md
2026-06-23,AVGO,Broadcom Inc.,392.13,392.13 USD,392.50,392.50 USD,-4.67,0.09,2026-06-22 19:59 EDT,https://finance.yahoo.com/quote/AVGO/,2026-06-23-stock-brief.md
2026-06-23,RKLB,Rocket Lab Corporation,100.29,100.29 USD,99.16,99.16 USD,-6.48,-1.13,2026-06-22 19:59 EDT,https://finance.yahoo.com/quote/RKLB/,2026-06-23-stock-brief.md
2026-06-23,AAPL,Apple Inc.,297.01,297.01 USD,295.65,295.65 USD,-0.34,-0.46,2026-06-22 19:59 EDT,https://finance.yahoo.com/quote/AAPL/,2026-06-23-stock-brief.md
2026-06-23,NVDA,NVIDIA Corporation,208.65,208.65 USD,207.82,207.82 USD,-0.97,-0.40,2026-06-22 19:59 EDT,https://finance.yahoo.com/quote/NVDA/,2026-06-23-stock-brief.md
2026-06-23,TSLA,"Tesla, Inc.",405.05,405.05 USD,403.66,403.66 USD,1.14,-0.34,2026-06-22 19:59 EDT,https://finance.yahoo.com/quote/TSLA/,2026-06-23-stock-brief.md
2026-06-23,SNDK,Sandisk Corporation,2273.73,"2,273.73 USD",2265.00,"2,265.00 USD",4.07,-0.38,2026-06-22 19:59 EDT,https://finance.yahoo.com/quote/SNDK/,2026-06-23-stock-brief.md
2026-06-23,QQQ,"Invesco QQQ Trust, Series 1",737.95,737.95 USD,736.17,736.17 USD,-0.36,-0.24,2026-06-22 19:59 EDT,https://finance.yahoo.com/quote/QQQ/,2026-06-23-stock-brief.md
2026-06-23,SPY,State Street SPDR S&P 500 ETF T,744.39,744.39 USD,743.68,743.68 USD,-0.31,-0.10,2026-06-22 19:59 EDT,https://finance.yahoo.com/quote/SPY/,2026-06-23-stock-brief.md
2026-06-23,JEPQ,JPMorgan Nasdaq Equity Premium,61.38,61.38 USD,61.35,61.35 USD,0.07,-0.05,2026-06-22 19:59 EDT,https://finance.yahoo.com/quote/JEPQ/,2026-06-23-stock-brief.md
2026-06-23,ASTS,"AST SpaceMobile, Inc.",73.19,73.19 USD,73.50,73.50 USD,-9.26,0.42,2026-06-22 19:59 EDT,https://finance.yahoo.com/quote/ASTS/,2026-06-23-stock-brief.md
2026-06-23,MU,"Micron Technology, Inc.",1211.38,"1,211.38 USD",1230.43,"1,230.43 USD",6.82,1.57,2026-06-22 19:59 EDT,https://finance.yahoo.com/quote/MU/,2026-06-23-stock-brief.md
2026-06-23,IREN,IREN LIMITED,56.87,56.87 USD,57.00,57.00 USD,-5.15,0.23,2026-06-22 19:59 EDT,https://finance.yahoo.com/quote/IREN/,2026-06-23-stock-brief.md
2026-06-23,EOSE,"Eos Energy Enterprises, Inc.",7.34,7.34 USD,7.30,7.30 USD,-4.05,-0.54,2026-06-22 19:57 EDT,https://finance.yahoo.com/quote/EOSE/,2026-06-23-stock-brief.md
2026-06-23,GOOG,Alphabet Inc.,348.78,348.78 USD,345.40,345.40 USD,-5.08,-0.97,2026-06-22 19:59 EDT,https://finance.yahoo.com/quote/GOOG/,2026-06-23-stock-brief.md
2026-06-23,DRAM,Roundhill Memory ETF,80.72,80.72 USD,80.41,80.41 USD,5.23,-0.38,2026-06-22 20:00 EDT,https://finance.yahoo.com/quote/DRAM/,2026-06-23-stock-brief.md
2026-06-23,AMD,"Advanced Micro Devices, Inc.",551.63,551.63 USD,546.50,546.50 USD,2.65,-0.93,2026-06-22 19:59 EDT,https://finance.yahoo.com/quote/AMD/,2026-06-23-stock-brief.md
2026-06-23,ASML,ASML Holding N.V. - New York Re,1929.25,"1,929.25 USD",1920.68,"1,920.68 USD",-0.02,-0.44,2026-06-22 19:59 EDT,https://finance.yahoo.com/quote/ASML/,2026-06-23-stock-brief.md
2026-06-24,INTC,Intel Corporation,132.28,132.28 USD,132.81,132.81 USD,-6.14,0.40,2026-06-23 19:59 EDT,https://finance.yahoo.com/quote/INTC/,2026-06-24-stock-brief.md
2026-06-24,AVGO,Broadcom Inc.,380.15,380.15 USD,381.50,381.50 USD,-3.06,0.36,2026-06-23 19:59 EDT,https://finance.yahoo.com/quote/AVGO/,2026-06-24-stock-brief.md
2026-06-24,RKLB,Rocket Lab Corporation,95.12,95.12 USD,94.76,94.76 USD,-5.16,-0.38,2026-06-23 19:59 EDT,https://finance.yahoo.com/quote/RKLB/,2026-06-24-stock-brief.md
2026-06-24,AAPL,Apple Inc.,294.30,294.30 USD,294.69,294.69 USD,-0.91,0.13,2026-06-23 19:59 EDT,https://finance.yahoo.com/quote/AAPL/,2026-06-24-stock-brief.md
2026-06-24,NVDA,NVIDIA Corporation,200.04,200.04 USD,200.90,200.90 USD,-4.13,0.43,2026-06-23 19:59 EDT,https://finance.yahoo.com/quote/NVDA/,2026-06-24-stock-brief.md
2026-06-24,TSLA,"Tesla, Inc.",381.61,381.61 USD,382.46,382.46 USD,-5.79,0.22,2026-06-23 19:59 EDT,https://finance.yahoo.com/quote/TSLA/,2026-06-24-stock-brief.md
2026-06-24,SNDK,Sandisk Corporation,1963.60,"1,963.60 USD",1985.60,"1,985.60 USD",-13.64,1.12,2026-06-23 19:59 EDT,https://finance.yahoo.com/quote/SNDK/,2026-06-24-stock-brief.md
2026-06-24,QQQ,"Invesco QQQ Trust, Series 1",713.65,713.65 USD,716.04,716.04 USD,-3.29,0.33,2026-06-23 19:59 EDT,https://finance.yahoo.com/quote/QQQ/,2026-06-24-stock-brief.md
2026-06-24,SPY,State Street SPDR S&P 500 ETF T,733.58,733.58 USD,735.02,735.02 USD,-1.45,0.20,2026-06-23 19:59 EDT,https://finance.yahoo.com/quote/SPY/,2026-06-24-stock-brief.md
2026-06-24,JEPQ,JPMorgan Nasdaq Equity Premium,59.86,59.86 USD,60.05,60.05 USD,-2.48,0.32,2026-06-23 19:59 EDT,https://finance.yahoo.com/quote/JEPQ/,2026-06-24-stock-brief.md
2026-06-24,ASTS,"AST SpaceMobile, Inc.",72.87,72.87 USD,73.73,73.73 USD,-0.44,1.18,2026-06-23 19:59 EDT,https://finance.yahoo.com/quote/ASTS/,2026-06-24-stock-brief.md
2026-06-24,MU,"Micron Technology, Inc.",1051.77,"1,051.77 USD",1065.00,"1,065.00 USD",-13.18,1.26,2026-06-23 19:59 EDT,https://finance.yahoo.com/quote/MU/,2026-06-24-stock-brief.md
2026-06-24,IREN,IREN LIMITED,54.72,54.72 USD,54.90,54.90 USD,-3.78,0.33,2026-06-23 19:59 EDT,https://finance.yahoo.com/quote/IREN/,2026-06-24-stock-brief.md
2026-06-24,EOSE,"Eos Energy Enterprises, Inc.",6.49,6.49 USD,6.53,6.53 USD,-11.58,0.62,2026-06-23 19:59 EDT,https://finance.yahoo.com/quote/EOSE/,2026-06-24-stock-brief.md
2026-06-24,GOOG,Alphabet Inc.,346.08,346.08 USD,348.00,348.00 USD,-0.77,0.55,2026-06-23 19:59 EDT,https://finance.yahoo.com/quote/GOOG/,2026-06-24-stock-brief.md
2026-06-24,DRAM,Roundhill Memory ETF,69.22,69.22 USD,70.58,70.58 USD,-14.25,1.96,2026-06-23 19:59 EDT,https://finance.yahoo.com/quote/DRAM/,2026-06-24-stock-brief.md
2026-06-24,AMD,"Advanced Micro Devices, Inc.",519.85,519.85 USD,522.20,522.20 USD,-5.76,0.45,2026-06-23 19:59 EDT,https://finance.yahoo.com/quote/AMD/,2026-06-24-stock-brief.md
2026-06-24,ASML,ASML Holding N.V. - New York Re,1778.46,"1,778.46 USD",1788.00,"1,788.00 USD",-7.82,0.54,2026-06-23 19:59 EDT,https://finance.yahoo.com/quote/ASML/,2026-06-24-stock-brief.md
2026-06-25,INTC,Intel Corporation,131.65,131.65 USD,138.69,138.69 USD,-0.48,5.35,2026-06-24 19:59 EDT,https://finance.yahoo.com/quote/INTC/,2026-06-25-stock-brief.md
2026-06-25,AVGO,Broadcom Inc.,382.07,382.07 USD,389.55,389.55 USD,0.51,1.96,2026-06-24 19:59 EDT,https://finance.yahoo.com/quote/AVGO/,2026-06-25-stock-brief.md
2026-06-25,RKLB,Rocket Lab Corporation,85.41,85.41 USD,86.79,86.79 USD,-10.21,1.62,2026-06-24 19:59 EDT,https://finance.yahoo.com/quote/RKLB/,2026-06-25-stock-brief.md
2026-06-25,AAPL,Apple Inc.,293.08,293.08 USD,290.80,290.80 USD,-0.41,-0.78,2026-06-24 19:59 EDT,https://finance.yahoo.com/quote/AAPL/,2026-06-25-stock-brief.md
2026-06-25,NVDA,NVIDIA Corporation,199.00,199.00 USD,200.69,200.69 USD,-0.52,0.85,2026-06-24 19:59 EDT,https://finance.yahoo.com/quote/NVDA/,2026-06-25-stock-brief.md
2026-06-25,TSLA,"Tesla, Inc.",375.53,375.53 USD,378.00,378.00 USD,-1.59,0.66,2026-06-24 19:59 EDT,https://finance.yahoo.com/quote/TSLA/,2026-06-25-stock-brief.md
2026-06-25,SNDK,Sandisk Corporation,1914.46,"1,914.46 USD",2150.02,"2,150.02 USD",-2.50,12.30,2026-06-24 19:59 EDT,https://finance.yahoo.com/quote/SNDK/,2026-06-25-stock-brief.md
2026-06-25,QQQ,"Invesco QQQ Trust, Series 1",710.62,710.62 USD,724.54,724.54 USD,-0.42,1.96,2026-06-24 19:59 EDT,https://finance.yahoo.com/quote/QQQ/,2026-06-25-stock-brief.md
2026-06-25,SPY,State Street SPDR S&P 500 ETF T,733.24,733.24 USD,737.22,737.22 USD,-0.05,0.54,2026-06-24 19:59 EDT,https://finance.yahoo.com/quote/SPY/,2026-06-25-stock-brief.md
2026-06-25,JEPQ,JPMorgan Nasdaq Equity Premium,59.69,59.69 USD,60.60,60.60 USD,-0.28,1.52,2026-06-24 19:59 EDT,https://finance.yahoo.com/quote/JEPQ/,2026-06-25-stock-brief.md
2026-06-25,ASTS,"AST SpaceMobile, Inc.",68.01,68.01 USD,69.57,69.57 USD,-6.67,2.29,2026-06-24 19:59 EDT,https://finance.yahoo.com/quote/ASTS/,2026-06-25-stock-brief.md
2026-06-25,MU,"Micron Technology, Inc.",1048.51,"1,048.51 USD",1213.96,"1,213.96 USD",-0.31,15.78,2026-06-24 19:59 EDT,https://finance.yahoo.com/quote/MU/,2026-06-25-stock-brief.md
2026-06-25,IREN,IREN LIMITED,50.30,50.30 USD,52.50,52.50 USD,-8.08,4.37,2026-06-24 19:59 EDT,https://finance.yahoo.com/quote/IREN/,2026-06-25-stock-brief.md
2026-06-25,EOSE,"Eos Energy Enterprises, Inc.",6.06,6.06 USD,6.23,6.23 USD,-6.63,2.81,2026-06-24 19:59 EDT,https://finance.yahoo.com/quote/EOSE/,2026-06-25-stock-brief.md
2026-06-25,GOOG,Alphabet Inc.,345.04,345.04 USD,342.00,342.00 USD,-0.30,-0.88,2026-06-24 19:59 EDT,https://finance.yahoo.com/quote/GOOG/,2026-06-25-stock-brief.md
2026-06-25,DRAM,Roundhill Memory ETF,69.93,69.93 USD,80.17,80.17 USD,1.03,14.64,2026-06-24 19:59 EDT,https://finance.yahoo.com/quote/DRAM/,2026-06-25-stock-brief.md
2026-06-25,AMD,"Advanced Micro Devices, Inc.",519.74,519.74 USD,538.78,538.78 USD,-0.02,3.66,2026-06-24 19:59 EDT,https://finance.yahoo.com/quote/AMD/,2026-06-25-stock-brief.md
2026-06-25,ASML,ASML Holding N.V. - New York Re,1762.77,"1,762.77 USD",1860.00,"1,860.00 USD",-0.88,5.52,2026-06-24 19:59 EDT,https://finance.yahoo.com/quote/ASML/,2026-06-25-stock-brief.md
2026-06-26,INTC,Intel Corporation,132.87,132.87 USD,131.81,131.81 USD,0.93,-0.80,2026-06-25 19:59 EDT,https://finance.yahoo.com/quote/INTC/,2026-06-26-stock-brief.md
2026-06-26,AVGO,Broadcom Inc.,378.91,378.91 USD,379.80,379.80 USD,-0.83,0.23,2026-06-25 19:59 EDT,https://finance.yahoo.com/quote/AVGO/,2026-06-26-stock-brief.md
2026-06-26,RKLB,Rocket Lab Corporation,80.69,80.69 USD,82.78,82.78 USD,-5.53,2.59,2026-06-25 19:59 EDT,https://finance.yahoo.com/quote/RKLB/,2026-06-26-stock-brief.md
2026-06-26,AAPL,Apple Inc.,275.15,275.15 USD,276.29,276.29 USD,-6.12,0.41,2026-06-25 19:59 EDT,https://finance.yahoo.com/quote/AAPL/,2026-06-26-stock-brief.md
2026-06-26,NVDA,NVIDIA Corporation,195.74,195.74 USD,194.80,194.80 USD,-1.64,-0.48,2026-06-25 19:59 EDT,https://finance.yahoo.com/quote/NVDA/,2026-06-26-stock-brief.md
2026-06-26,TSLA,"Tesla, Inc.",375.12,375.12 USD,374.40,374.40 USD,-0.11,-0.19,2026-06-25 19:59 EDT,https://finance.yahoo.com/quote/TSLA/,2026-06-26-stock-brief.md
2026-06-26,SNDK,Sandisk Corporation,2335.00,"2,335.00 USD",2316.95,"2,316.95 USD",21.97,-0.77,2026-06-25 19:59 EDT,https://finance.yahoo.com/quote/SNDK/,2026-06-26-stock-brief.md
2026-06-26,QQQ,"Invesco QQQ Trust, Series 1",716.38,716.38 USD,715.10,715.10 USD,0.81,-0.18,2026-06-25 19:59 EDT,https://finance.yahoo.com/quote/QQQ/,2026-06-26-stock-brief.md
2026-06-26,SPY,State Street SPDR S&P 500 ETF T,734.30,734.30 USD,732.89,732.89 USD,0.14,-0.19,2026-06-25 19:59 EDT,https://finance.yahoo.com/quote/SPY/,2026-06-26-stock-brief.md
2026-06-26,JEPQ,JPMorgan Nasdaq Equity Premium,60.13,60.13 USD,60.17,60.17 USD,0.74,0.07,2026-06-25 19:59 EDT,https://finance.yahoo.com/quote/JEPQ/,2026-06-26-stock-brief.md
2026-06-26,ASTS,"AST SpaceMobile, Inc.",65.62,65.62 USD,66.08,66.08 USD,-3.51,0.70,2026-06-25 19:59 EDT,https://finance.yahoo.com/quote/ASTS/,2026-06-26-stock-brief.md
2026-06-26,MU,"Micron Technology, Inc.",1213.56,"1,213.56 USD",1188.08,"1,188.08 USD",15.74,-2.10,2026-06-25 20:00 EDT,https://finance.yahoo.com/quote/MU/,2026-06-26-stock-brief.md
2026-06-26,IREN,IREN LIMITED,47.74,47.74 USD,47.73,47.73 USD,-5.09,-0.02,2026-06-25 19:59 EDT,https://finance.yahoo.com/quote/IREN/,2026-06-26-stock-brief.md
2026-06-26,EOSE,"Eos Energy Enterprises, Inc.",6.09,6.09 USD,6.17,6.17 USD,0.50,1.31,2026-06-25 19:59 EDT,https://finance.yahoo.com/quote/EOSE/,2026-06-26-stock-brief.md
2026-06-26,GOOG,Alphabet Inc.,342.19,342.19 USD,341.82,341.82 USD,-0.83,-0.11,2026-06-25 19:58 EDT,https://finance.yahoo.com/quote/GOOG/,2026-06-26-stock-brief.md
2026-06-26,DRAM,Roundhill Memory ETF,76.89,76.89 USD,76.54,76.54 USD,9.95,-0.45,2026-06-25 19:59 EDT,https://finance.yahoo.com/quote/DRAM/,2026-06-26-stock-brief.md
2026-06-26,AMD,"Advanced Micro Devices, Inc.",532.57,532.57 USD,529.33,529.33 USD,2.47,-0.61,2026-06-25 19:59 EDT,https://finance.yahoo.com/quote/AMD/,2026-06-26-stock-brief.md
2026-06-26,ASML,ASML Holding N.V. - New York Re,1841.18,"1,841.18 USD",1829.37,"1,829.37 USD",4.45,-0.64,2026-06-25 19:59 EDT,https://finance.yahoo.com/quote/ASML/,2026-06-26-stock-brief.md
2026-06-27,INTC,Intel Corporation,128.32,128.32 USD,127.62,127.62 USD,-3.42,-0.55,2026-06-26 19:59 EDT,https://finance.yahoo.com/quote/INTC/,2026-06-27-stock-brief.md
2026-06-27,AVGO,Broadcom Inc.,365.02,365.02 USD,366.59,366.59 USD,-3.67,0.43,2026-06-26 19:59 EDT,https://finance.yahoo.com/quote/AVGO/,2026-06-27-stock-brief.md
2026-06-27,RKLB,Rocket Lab Corporation,84.54,84.54 USD,84.85,84.85 USD,4.77,0.36,2026-06-26 19:59 EDT,https://finance.yahoo.com/quote/RKLB/,2026-06-27-stock-brief.md
2026-06-27,AAPL,Apple Inc.,283.78,283.78 USD,282.50,282.50 USD,3.14,-0.45,2026-06-26 19:59 EDT,https://finance.yahoo.com/quote/AAPL/,2026-06-27-stock-brief.md
2026-06-27,NVDA,NVIDIA Corporation,192.53,192.53 USD,192.79,192.79 USD,-1.64,0.14,2026-06-26 19:59 EDT,https://finance.yahoo.com/quote/NVDA/,2026-06-27-stock-brief.md
2026-06-27,TSLA,"Tesla, Inc.",379.71,379.71 USD,377.86,377.86 USD,1.22,-0.49,2026-06-26 19:59 EDT,https://finance.yahoo.com/quote/TSLA/,2026-06-27-stock-brief.md
2026-06-27,SNDK,Sandisk Corporation,2090.71,"2,090.71 USD",2109.01,"2,109.01 USD",-10.46,0.88,2026-06-26 19:59 EDT,https://finance.yahoo.com/quote/SNDK/,2026-06-27-stock-brief.md
2026-06-27,QQQ,"Invesco QQQ Trust, Series 1",706.52,706.52 USD,706.14,706.14 USD,-1.38,-0.05,2026-06-26 19:59 EDT,https://finance.yahoo.com/quote/QQQ/,2026-06-27-stock-brief.md
2026-06-27,SPY,State Street SPDR S&P 500 ETF T,728.99,728.99 USD,731.20,731.20 USD,-0.72,0.30,2026-06-26 19:59 EDT,https://finance.yahoo.com/quote/SPY/,2026-06-27-stock-brief.md
2026-06-27,JEPQ,JPMorgan Nasdaq Equity Premium,59.42,59.42 USD,59.55,59.55 USD,-1.18,0.22,2026-06-26 19:59 EDT,https://finance.yahoo.com/quote/JEPQ/,2026-06-27-stock-brief.md
2026-06-27,ASTS,"AST SpaceMobile, Inc.",71.45,71.45 USD,71.59,71.59 USD,8.88,0.20,2026-06-26 19:59 EDT,https://finance.yahoo.com/quote/ASTS/,2026-06-27-stock-brief.md
2026-06-27,MU,"Micron Technology, Inc.",1132.33,"1,132.33 USD",1133.36,"1,133.36 USD",-6.69,0.09,2026-06-26 19:59 EDT,https://finance.yahoo.com/quote/MU/,2026-06-27-stock-brief.md
2026-06-27,IREN,IREN LIMITED,47.21,47.21 USD,46.98,46.98 USD,-1.11,-0.49,2026-06-26 19:59 EDT,https://finance.yahoo.com/quote/IREN/,2026-06-27-stock-brief.md
2026-06-27,EOSE,"Eos Energy Enterprises, Inc.",5.93,5.93 USD,5.96,5.96 USD,-2.63,0.51,2026-06-26 19:59 EDT,https://finance.yahoo.com/quote/EOSE/,2026-06-27-stock-brief.md
2026-06-27,GOOG,Alphabet Inc.,334.69,334.69 USD,336.14,336.14 USD,-2.19,0.43,2026-06-26 19:59 EDT,https://finance.yahoo.com/quote/GOOG/,2026-06-27-stock-brief.md
2026-06-27,DRAM,Roundhill Memory ETF,71.88,71.88 USD,72.29,72.29 USD,-6.52,0.57,2026-06-26 19:59 EDT,https://finance.yahoo.com/quote/DRAM/,2026-06-27-stock-brief.md
2026-06-27,AMD,"Advanced Micro Devices, Inc.",521.58,521.58 USD,518.70,518.70 USD,-2.06,-0.55,2026-06-26 19:59 EDT,https://finance.yahoo.com/quote/AMD/,2026-06-27-stock-brief.md
2026-06-27,ASML,ASML Holding N.V. - New York Re,1794.62,"1,794.62 USD",1793.00,"1,793.00 USD",-2.53,-0.09,2026-06-26 19:59 EDT,https://finance.yahoo.com/quote/ASML/,2026-06-27-stock-brief.md
2026-06-28,INTC,Intel Corporation,128.32,128.32 USD,127.62,127.62 USD,-3.42,-0.55,2026-06-26 19:59 EDT,https://finance.yahoo.com/quote/INTC/,2026-06-28-stock-brief.md
2026-06-28,AVGO,Broadcom Inc.,365.02,365.02 USD,366.59,366.59 USD,-3.67,0.43,2026-06-26 19:59 EDT,https://finance.yahoo.com/quote/AVGO/,2026-06-28-stock-brief.md
2026-06-28,RKLB,Rocket Lab Corporation,84.54,84.54 USD,84.85,84.85 USD,4.77,0.36,2026-06-26 19:59 EDT,https://finance.yahoo.com/quote/RKLB/,2026-06-28-stock-brief.md
2026-06-28,AAPL,Apple Inc.,283.78,283.78 USD,282.50,282.50 USD,3.14,-0.45,2026-06-26 19:59 EDT,https://finance.yahoo.com/quote/AAPL/,2026-06-28-stock-brief.md
2026-06-28,NVDA,NVIDIA Corporation,192.53,192.53 USD,192.79,192.79 USD,-1.64,0.14,2026-06-26 19:59 EDT,https://finance.yahoo.com/quote/NVDA/,2026-06-28-stock-brief.md
2026-06-28,TSLA,"Tesla, Inc.",379.71,379.71 USD,377.86,377.86 USD,1.22,-0.49,2026-06-26 19:59 EDT,https://finance.yahoo.com/quote/TSLA/,2026-06-28-stock-brief.md
2026-06-28,SNDK,Sandisk Corporation,2090.71,"2,090.71 USD",2109.01,"2,109.01 USD",-10.46,0.88,2026-06-26 19:59 EDT,https://finance.yahoo.com/quote/SNDK/,2026-06-28-stock-brief.md
2026-06-28,QQQ,"Invesco QQQ Trust, Series 1",706.52,706.52 USD,706.14,706.14 USD,-1.38,-0.05,2026-06-26 19:59 EDT,https://finance.yahoo.com/quote/QQQ/,2026-06-28-stock-brief.md
2026-06-28,SPY,State Street SPDR S&P 500 ETF T,728.99,728.99 USD,731.20,731.20 USD,-0.72,0.30,2026-06-26 19:59 EDT,https://finance.yahoo.com/quote/SPY/,2026-06-28-stock-brief.md
2026-06-28,JEPQ,JPMorgan Nasdaq Equity Premium,59.42,59.42 USD,59.55,59.55 USD,-1.18,0.22,2026-06-26 19:59 EDT,https://finance.yahoo.com/quote/JEPQ/,2026-06-28-stock-brief.md
2026-06-28,ASTS,"AST SpaceMobile, Inc.",71.45,71.45 USD,71.59,71.59 USD,8.88,0.20,2026-06-26 19:59 EDT,https://finance.yahoo.com/quote/ASTS/,2026-06-28-stock-brief.md
2026-06-28,MU,"Micron Technology, Inc.",1132.33,"1,132.33 USD",1133.36,"1,133.36 USD",-6.69,0.09,2026-06-26 19:59 EDT,https://finance.yahoo.com/quote/MU/,2026-06-28-stock-brief.md
2026-06-28,IREN,IREN LIMITED,47.21,47.21 USD,46.98,46.98 USD,-1.11,-0.49,2026-06-26 19:59 EDT,https://finance.yahoo.com/quote/IREN/,2026-06-28-stock-brief.md
2026-06-28,EOSE,"Eos Energy Enterprises, Inc.",5.93,5.93 USD,5.96,5.96 USD,-2.63,0.51,2026-06-26 19:59 EDT,https://finance.yahoo.com/quote/EOSE/,2026-06-28-stock-brief.md
2026-06-28,GOOG,Alphabet Inc.,334.69,334.69 USD,336.14,336.14 USD,-2.19,0.43,2026-06-26 19:59 EDT,https://finance.yahoo.com/quote/GOOG/,2026-06-28-stock-brief.md
2026-06-28,DRAM,Roundhill Memory ETF,71.88,71.88 USD,72.29,72.29 USD,-6.52,0.57,2026-06-26 19:59 EDT,https://finance.yahoo.com/quote/DRAM/,2026-06-28-stock-brief.md
2026-06-28,AMD,"Advanced Micro Devices, Inc.",521.58,521.58 USD,518.70,518.70 USD,-2.06,-0.55,2026-06-26 19:59 EDT,https://finance.yahoo.com/quote/AMD/,2026-06-28-stock-brief.md
2026-06-28,ASML,ASML Holding N.V. - New York Re,1794.62,"1,794.62 USD",1793.00,"1,793.00 USD",-2.53,-0.09,2026-06-26 19:59 EDT,https://finance.yahoo.com/quote/ASML/,2026-06-28-stock-brief.md
2026-06-29,INTC,Intel Corporation,128.32,128.32 USD,127.62,127.62 USD,-3.42,-0.55,2026-06-26 19:59 EDT,https://finance.yahoo.com/quote/INTC/,2026-06-29-stock-brief.md
2026-06-29,AVGO,Broadcom Inc.,365.02,365.02 USD,366.59,366.59 USD,-3.67,0.43,2026-06-26 19:59 EDT,https://finance.yahoo.com/quote/AVGO/,2026-06-29-stock-brief.md
2026-06-29,RKLB,Rocket Lab Corporation,84.54,84.54 USD,84.85,84.85 USD,4.77,0.36,2026-06-26 19:59 EDT,https://finance.yahoo.com/quote/RKLB/,2026-06-29-stock-brief.md
2026-06-29,AAPL,Apple Inc.,283.78,283.78 USD,282.50,282.50 USD,3.14,-0.45,2026-06-26 19:59 EDT,https://finance.yahoo.com/quote/AAPL/,2026-06-29-stock-brief.md
2026-06-29,NVDA,NVIDIA Corporation,192.53,192.53 USD,192.79,192.79 USD,-1.64,0.14,2026-06-26 19:59 EDT,https://finance.yahoo.com/quote/NVDA/,2026-06-29-stock-brief.md
2026-06-29,TSLA,"Tesla, Inc.",379.71,379.71 USD,377.86,377.86 USD,1.22,-0.49,2026-06-26 19:59 EDT,https://finance.yahoo.com/quote/TSLA/,2026-06-29-stock-brief.md
2026-06-29,SNDK,Sandisk Corporation,2090.71,"2,090.71 USD",2109.01,"2,109.01 USD",-10.46,0.88,2026-06-26 19:59 EDT,https://finance.yahoo.com/quote/SNDK/,2026-06-29-stock-brief.md
2026-06-29,QQQ,"Invesco QQQ Trust, Series 1",706.52,706.52 USD,706.14,706.14 USD,-1.38,-0.05,2026-06-26 19:59 EDT,https://finance.yahoo.com/quote/QQQ/,2026-06-29-stock-brief.md
2026-06-29,SPY,State Street SPDR S&P 500 ETF T,728.99,728.99 USD,731.20,731.20 USD,-0.72,0.30,2026-06-26 19:59 EDT,https://finance.yahoo.com/quote/SPY/,2026-06-29-stock-brief.md
2026-06-29,JEPQ,JPMorgan Nasdaq Equity Premium,59.42,59.42 USD,59.55,59.55 USD,-1.18,0.22,2026-06-26 19:59 EDT,https://finance.yahoo.com/quote/JEPQ/,2026-06-29-stock-brief.md
2026-06-29,ASTS,"AST SpaceMobile, Inc.",71.45,71.45 USD,71.59,71.59 USD,8.88,0.20,2026-06-26 19:59 EDT,https://finance.yahoo.com/quote/ASTS/,2026-06-29-stock-brief.md
2026-06-29,MU,"Micron Technology, Inc.",1132.33,"1,132.33 USD",1133.36,"1,133.36 USD",-6.69,0.09,2026-06-26 19:59 EDT,https://finance.yahoo.com/quote/MU/,2026-06-29-stock-brief.md
2026-06-29,IREN,IREN LIMITED,47.21,47.21 USD,46.98,46.98 USD,-1.11,-0.49,2026-06-26 19:59 EDT,https://finance.yahoo.com/quote/IREN/,2026-06-29-stock-brief.md
2026-06-29,EOSE,"Eos Energy Enterprises, Inc.",5.93,5.93 USD,5.96,5.96 USD,-2.63,0.51,2026-06-26 19:59 EDT,https://finance.yahoo.com/quote/EOSE/,2026-06-29-stock-brief.md
2026-06-29,GOOG,Alphabet Inc.,334.69,334.69 USD,336.14,336.14 USD,-2.19,0.43,2026-06-26 19:59 EDT,https://finance.yahoo.com/quote/GOOG/,2026-06-29-stock-brief.md
2026-06-29,DRAM,Roundhill Memory ETF,71.88,71.88 USD,72.29,72.29 USD,-6.52,0.57,2026-06-26 19:59 EDT,https://finance.yahoo.com/quote/DRAM/,2026-06-29-stock-brief.md
2026-06-29,AMD,"Advanced Micro Devices, Inc.",521.58,521.58 USD,518.70,518.70 USD,-2.06,-0.55,2026-06-26 19:59 EDT,https://finance.yahoo.com/quote/AMD/,2026-06-29-stock-brief.md
2026-06-29,ASML,ASML Holding N.V. - New York Re,1794.62,"1,794.62 USD",1793.00,"1,793.00 USD",-2.53,-0.09,2026-06-26 19:59 EDT,https://finance.yahoo.com/quote/ASML/,2026-06-29-stock-brief.md
2026-06-30,INTC,Intel Corporation,131.72,131.72 USD,131.68,131.68 USD,2.65,-0.03,2026-06-29 19:59 EDT,https://finance.yahoo.com/quote/INTC/,2026-06-30-stock-brief.md
2026-06-30,AVGO,Broadcom Inc.,372.45,372.45 USD,373.38,373.38 USD,2.04,0.25,2026-06-29 19:59 EDT,https://finance.yahoo.com/quote/AVGO/,2026-06-30-stock-brief.md
2026-06-30,RKLB,Rocket Lab Corporation,98.01,98.01 USD,101.18,101.18 USD,15.93,3.23,2026-06-29 19:59 EDT,https://finance.yahoo.com/quote/RKLB/,2026-06-30-stock-brief.md
2026-06-30,AAPL,Apple Inc.,281.74,281.74 USD,281.26,281.26 USD,-0.72,-0.17,2026-06-29 19:59 EDT,https://finance.yahoo.com/quote/AAPL/,2026-06-30-stock-brief.md
2026-06-30,NVDA,NVIDIA Corporation,194.97,194.97 USD,195.12,195.12 USD,1.27,0.08,2026-06-29 19:59 EDT,https://finance.yahoo.com/quote/NVDA/,2026-06-30-stock-brief.md
2026-06-30,TSLA,"Tesla, Inc.",411.84,411.84 USD,409.00,409.00 USD,8.46,-0.69,2026-06-29 19:59 EDT,https://finance.yahoo.com/quote/TSLA/,2026-06-30-stock-brief.md
2026-06-30,SNDK,Sandisk Corporation,2050.39,"2,050.39 USD",2061.71,"2,061.71 USD",-1.93,0.55,2026-06-29 19:59 EDT,https://finance.yahoo.com/quote/SNDK/,2026-06-30-stock-brief.md
2026-06-30,QQQ,"Invesco QQQ Trust, Series 1",724.08,724.08 USD,724.02,724.02 USD,2.49,-0.01,2026-06-29 19:59 EDT,https://finance.yahoo.com/quote/QQQ/,2026-06-30-stock-brief.md
2026-06-30,SPY,State Street SPDR S&P 500 ETF T,741.00,741.00 USD,740.76,740.76 USD,1.65,-0.03,2026-06-29 19:59 EDT,https://finance.yahoo.com/quote/SPY/,2026-06-30-stock-brief.md
2026-06-30,JEPQ,JPMorgan Nasdaq Equity Premium,60.70,60.70 USD,60.75,60.75 USD,2.15,0.08,2026-06-29 19:59 EDT,https://finance.yahoo.com/quote/JEPQ/,2026-06-30-stock-brief.md
2026-06-30,ASTS,"AST SpaceMobile, Inc.",86.77,86.77 USD,87.25,87.25 USD,21.44,0.55,2026-06-29 19:59 EDT,https://finance.yahoo.com/quote/ASTS/,2026-06-30-stock-brief.md
2026-06-30,MU,"Micron Technology, Inc.",1145.28,"1,145.28 USD",1138.65,"1,138.65 USD",1.14,-0.58,2026-06-29 19:59 EDT,https://finance.yahoo.com/quote/MU/,2026-06-30-stock-brief.md
2026-06-30,IREN,IREN LIMITED,45.91,45.91 USD,46.21,46.21 USD,-2.75,0.64,2026-06-29 19:59 EDT,https://finance.yahoo.com/quote/IREN/,2026-06-30-stock-brief.md
2026-06-30,EOSE,"Eos Energy Enterprises, Inc.",6.09,6.09 USD,6.13,6.13 USD,2.70,0.66,2026-06-29 19:58 EDT,https://finance.yahoo.com/quote/EOSE/,2026-06-30-stock-brief.md
2026-06-30,GOOG,Alphabet Inc.,351.28,351.28 USD,350.89,350.89 USD,4.96,-0.11,2026-06-29 19:59 EDT,https://finance.yahoo.com/quote/GOOG/,2026-06-30-stock-brief.md
2026-06-30,DRAM,Roundhill Memory ETF,71.94,71.94 USD,71.77,71.77 USD,0.08,-0.24,2026-06-29 19:59 EDT,https://finance.yahoo.com/quote/DRAM/,2026-06-30-stock-brief.md
2026-06-30,AMD,"Advanced Micro Devices, Inc.",539.49,539.49 USD,540.28,540.28 USD,3.43,0.15,2026-06-29 19:59 EDT,https://finance.yahoo.com/quote/AMD/,2026-06-30-stock-brief.md
2026-06-30,ASML,ASML Holding N.V. - New York Re,1883.11,"1,883.11 USD",1880.00,"1,880.00 USD",4.93,-0.17,2026-06-29 19:59 EDT,https://finance.yahoo.com/quote/ASML/,2026-06-30-stock-brief.md
2026-07-01,INTC,Intel Corporation,139.63,139.63 USD,139.40,139.40 USD,6.01,-0.17,2026-06-30 19:59 EDT,https://finance.yahoo.com/quote/INTC/,2026-07-01-stock-brief.md
2026-07-01,AVGO,Broadcom Inc.,377.75,377.75 USD,378.35,378.35 USD,1.42,0.16,2026-06-30 19:59 EDT,https://finance.yahoo.com/quote/AVGO/,2026-07-01-stock-brief.md
2026-07-01,RKLB,Rocket Lab Corporation,101.65,101.65 USD,101.50,101.50 USD,3.71,-0.15,2026-06-30 19:59 EDT,https://finance.yahoo.com/quote/RKLB/,2026-07-01-stock-brief.md
2026-07-01,AAPL,Apple Inc.,289.36,289.36 USD,289.00,289.00 USD,2.70,-0.12,2026-06-30 19:59 EDT,https://finance.yahoo.com/quote/AAPL/,2026-07-01-stock-brief.md
2026-07-01,NVDA,NVIDIA Corporation,200.09,200.09 USD,199.53,199.53 USD,2.63,-0.28,2026-06-30 19:59 EDT,https://finance.yahoo.com/quote/NVDA/,2026-07-01-stock-brief.md
2026-07-01,TSLA,"Tesla, Inc.",420.60,420.60 USD,415.99,415.99 USD,2.13,-1.10,2026-06-30 19:59 EDT,https://finance.yahoo.com/quote/TSLA/,2026-07-01-stock-brief.md
2026-07-01,SNDK,Sandisk Corporation,2273.73,"2,273.73 USD",2247.00,"2,247.00 USD",10.89,-1.18,2026-06-30 19:59 EDT,https://finance.yahoo.com/quote/SNDK/,2026-07-01-stock-brief.md
2026-07-01,QQQ,"Invesco QQQ Trust, Series 1",736.40,736.40 USD,736.29,736.29 USD,1.70,-0.01,2026-06-30 19:59 EDT,https://finance.yahoo.com/quote/QQQ/,2026-07-01-stock-brief.md
2026-07-01,SPY,State Street SPDR S&P 500 ETF T,746.77,746.77 USD,746.30,746.30 USD,0.78,-0.06,2026-06-30 19:59 EDT,https://finance.yahoo.com/quote/SPY/,2026-07-01-stock-brief.md
2026-07-01,JEPQ,JPMorgan Nasdaq Equity Premium,61.46,61.46 USD,61.43,61.43 USD,1.25,-0.05,2026-06-30 19:59 EDT,https://finance.yahoo.com/quote/JEPQ/,2026-07-01-stock-brief.md
2026-07-01,ASTS,"AST SpaceMobile, Inc.",88.86,88.86 USD,87.77,87.77 USD,2.41,-1.23,2026-06-30 19:59 EDT,https://finance.yahoo.com/quote/ASTS/,2026-07-01-stock-brief.md
2026-07-01,MU,"Micron Technology, Inc.",1154.29,"1,154.29 USD",1156.42,"1,156.42 USD",0.79,0.18,2026-06-30 19:59 EDT,https://finance.yahoo.com/quote/MU/,2026-07-01-stock-brief.md
2026-07-01,IREN,IREN LIMITED,45.73,45.73 USD,46.20,46.20 USD,-0.39,1.03,2026-06-30 19:59 EDT,https://finance.yahoo.com/quote/IREN/,2026-07-01-stock-brief.md
2026-07-01,EOSE,"Eos Energy Enterprises, Inc.",5.88,5.88 USD,5.88,5.88 USD,-3.45,-0.00,2026-06-30 19:59 EDT,https://finance.yahoo.com/quote/EOSE/,2026-07-01-stock-brief.md
2026-07-01,GOOG,Alphabet Inc.,353.33,353.33 USD,353.38,353.38 USD,0.58,0.01,2026-06-30 19:59 EDT,https://finance.yahoo.com/quote/GOOG/,2026-07-01-stock-brief.md
2026-07-01,DRAM,Roundhill Memory ETF,73.85,73.85 USD,73.40,73.40 USD,2.65,-0.61,2026-06-30 19:59 EDT,https://finance.yahoo.com/quote/DRAM/,2026-07-01-stock-brief.md
2026-07-01,AMD,"Advanced Micro Devices, Inc.",580.91,580.91 USD,579.54,579.54 USD,7.68,-0.24,2026-06-30 19:59 EDT,https://finance.yahoo.com/quote/AMD/,2026-07-01-stock-brief.md
2026-07-01,ASML,ASML Holding N.V. - New York Re,1989.44,"1,989.44 USD",1988.50,"1,988.50 USD",5.65,-0.05,2026-06-30 19:59 EDT,https://finance.yahoo.com/quote/ASML/,2026-07-01-stock-brief.md
2026-07-02,INTC,Intel Corporation,127.02,127.02 USD,127.18,127.18 USD,-9.03,0.13,2026-07-01 19:59 EDT,https://finance.yahoo.com/quote/INTC/,2026-07-02-stock-brief.md
2026-07-02,AVGO,Broadcom Inc.,369.34,369.34 USD,369.00,369.00 USD,-2.23,-0.09,2026-07-01 19:59 EDT,https://finance.yahoo.com/quote/AVGO/,2026-07-02-stock-brief.md
2026-07-02,RKLB,Rocket Lab Corporation,100.07,100.07 USD,100.02,100.02 USD,-1.55,-0.05,2026-07-01 19:59 EDT,https://finance.yahoo.com/quote/RKLB/,2026-07-02-stock-brief.md
2026-07-02,AAPL,Apple Inc.,294.38,294.38 USD,294.64,294.64 USD,1.73,0.09,2026-07-01 19:59 EDT,https://finance.yahoo.com/quote/AAPL/,2026-07-02-stock-brief.md
2026-07-02,NVDA,NVIDIA Corporation,197.58,197.58 USD,197.04,197.04 USD,-1.25,-0.27,2026-07-01 19:59 EDT,https://finance.yahoo.com/quote/NVDA/,2026-07-02-stock-brief.md
2026-07-02,TSLA,"Tesla, Inc.",425.30,425.30 USD,423.19,423.19 USD,1.12,-0.50,2026-07-01 19:59 EDT,https://finance.yahoo.com/quote/TSLA/,2026-07-02-stock-brief.md
2026-07-02,SNDK,Sandisk Corporation,2032.22,"2,032.22 USD",2014.20,"2,014.20 USD",-10.62,-0.89,2026-07-01 19:59 EDT,https://finance.yahoo.com/quote/SNDK/,2026-07-02-stock-brief.md
2026-07-02,QQQ,"Invesco QQQ Trust, Series 1",725.17,725.17 USD,724.36,724.36 USD,-1.52,-0.11,2026-07-01 19:59 EDT,https://finance.yahoo.com/quote/QQQ/,2026-07-02-stock-brief.md
2026-07-02,SPY,State Street SPDR S&P 500 ETF T,745.76,745.76 USD,744.97,744.97 USD,-0.14,-0.11,2026-07-01 19:59 EDT,https://finance.yahoo.com/quote/SPY/,2026-07-02-stock-brief.md
2026-07-02,JEPQ,JPMorgan Nasdaq Equity Premium,60.20,60.20 USD,60.23,60.23 USD,-2.05,0.05,2026-07-01 19:59 EDT,https://finance.yahoo.com/quote/JEPQ/,2026-07-02-stock-brief.md
2026-07-02,ASTS,"AST SpaceMobile, Inc.",86.10,86.10 USD,86.80,86.80 USD,-3.11,0.81,2026-07-01 19:59 EDT,https://finance.yahoo.com/quote/ASTS/,2026-07-02-stock-brief.md
2026-07-02,MU,"Micron Technology, Inc.",1032.28,"1,032.28 USD",1020.10,"1,020.10 USD",-10.57,-1.18,2026-07-01 19:59 EDT,https://finance.yahoo.com/quote/MU/,2026-07-02-stock-brief.md
2026-07-02,IREN,IREN LIMITED,43.32,43.32 USD,43.22,43.22 USD,-5.27,-0.23,2026-07-01 19:59 EDT,https://finance.yahoo.com/quote/IREN/,2026-07-02-stock-brief.md
2026-07-02,EOSE,"Eos Energy Enterprises, Inc.",5.55,5.55 USD,5.63,5.63 USD,-5.61,1.44,2026-07-01 19:59 EDT,https://finance.yahoo.com/quote/EOSE/,2026-07-02-stock-brief.md
2026-07-02,GOOG,Alphabet Inc.,357.89,357.89 USD,357.25,357.25 USD,1.29,-0.18,2026-07-01 19:58 EDT,https://finance.yahoo.com/quote/GOOG/,2026-07-02-stock-brief.md
2026-07-02,DRAM,Roundhill Memory ETF,65.86,65.86 USD,64.85,64.85 USD,-10.82,-1.53,2026-07-01 19:59 EDT,https://finance.yahoo.com/quote/DRAM/,2026-07-02-stock-brief.md
2026-07-02,AMD,"Advanced Micro Devices, Inc.",540.88,540.88 USD,544.10,544.10 USD,-6.89,0.60,2026-07-01 19:59 EDT,https://finance.yahoo.com/quote/AMD/,2026-07-02-stock-brief.md
2026-07-02,ASML,ASML Holding N.V. - New York Re,1843.04,"1,843.04 USD",1850.90,"1,850.90 USD",-7.36,0.43,2026-07-01 19:59 EDT,https://finance.yahoo.com/quote/ASML/,2026-07-02-stock-brief.md
2026-07-03,INTC,Intel Corporation,120.35,120.35 USD,121.01,121.01 USD,-5.25,0.55,2026-07-02 19:59 EDT,https://finance.yahoo.com/quote/INTC/,2026-07-03-stock-brief.md
2026-07-03,AVGO,Broadcom Inc.,360.45,360.45 USD,361.75,361.75 USD,-2.41,0.36,2026-07-02 19:59 EDT,https://finance.yahoo.com/quote/AVGO/,2026-07-03-stock-brief.md
2026-07-03,RKLB,Rocket Lab Corporation,100.46,100.46 USD,100.20,100.20 USD,0.39,-0.26,2026-07-02 19:59 EDT,https://finance.yahoo.com/quote/RKLB/,2026-07-03-stock-brief.md
2026-07-03,AAPL,Apple Inc.,308.63,308.63 USD,308.44,308.44 USD,4.84,-0.06,2026-07-02 19:59 EDT,https://finance.yahoo.com/quote/AAPL/,2026-07-03-stock-brief.md
2026-07-03,NVDA,NVIDIA Corporation,194.83,194.83 USD,194.40,194.40 USD,-1.39,-0.22,2026-07-02 19:59 EDT,https://finance.yahoo.com/quote/NVDA/,2026-07-03-stock-brief.md
2026-07-03,TSLA,"Tesla, Inc.",393.45,393.45 USD,394.40,394.40 USD,-7.49,0.24,2026-07-02 19:59 EDT,https://finance.yahoo.com/quote/TSLA/,2026-07-03-stock-brief.md
2026-07-03,SNDK,Sandisk Corporation,1745.00,"1,745.00 USD",1762.07,"1,762.07 USD",-14.13,0.98,2026-07-02 19:59 EDT,https://finance.yahoo.com/quote/SNDK/,2026-07-03-stock-brief.md
2026-07-03,QQQ,"Invesco QQQ Trust, Series 1",712.60,712.60 USD,714.18,714.18 USD,-1.73,0.22,2026-07-02 19:59 EDT,https://finance.yahoo.com/quote/QQQ/,2026-07-03-stock-brief.md
2026-07-03,SPY,State Street SPDR S&P 500 ETF T,744.78,744.78 USD,745.74,745.74 USD,-0.13,0.13,2026-07-02 19:59 EDT,https://finance.yahoo.com/quote/SPY/,2026-07-03-stock-brief.md
2026-07-03,JEPQ,JPMorgan Nasdaq Equity Premium,59.39,59.39 USD,59.45,59.45 USD,-1.35,0.10,2026-07-02 19:59 EDT,https://finance.yahoo.com/quote/JEPQ/,2026-07-03-stock-brief.md
2026-07-03,ASTS,"AST SpaceMobile, Inc.",85.13,85.13 USD,85.50,85.50 USD,-1.13,0.43,2026-07-02 19:59 EDT,https://finance.yahoo.com/quote/ASTS/,2026-07-03-stock-brief.md
2026-07-03,MU,"Micron Technology, Inc.",975.56,975.56 USD,977.00,977.00 USD,-5.49,0.15,2026-07-02 19:59 EDT,https://finance.yahoo.com/quote/MU/,2026-07-03-stock-brief.md
2026-07-03,IREN,IREN LIMITED,38.82,38.82 USD,39.17,39.17 USD,-10.39,0.90,2026-07-02 19:59 EDT,https://finance.yahoo.com/quote/IREN/,2026-07-03-stock-brief.md
2026-07-03,EOSE,"Eos Energy Enterprises, Inc.",5.23,5.23 USD,5.26,5.26 USD,-5.77,0.57,2026-07-02 19:59 EDT,https://finance.yahoo.com/quote/EOSE/,2026-07-03-stock-brief.md
2026-07-03,GOOG,Alphabet Inc.,356.18,356.18 USD,355.11,355.11 USD,-0.48,-0.30,2026-07-02 19:59 EDT,https://finance.yahoo.com/quote/GOOG/,2026-07-03-stock-brief.md
2026-07-03,DRAM,Roundhill Memory ETF,60.63,60.63 USD,61.20,61.20 USD,-7.94,0.94,2026-07-02 19:59 EDT,https://finance.yahoo.com/quote/DRAM/,2026-07-03-stock-brief.md
2026-07-03,AMD,"Advanced Micro Devices, Inc.",517.82,517.82 USD,519.68,519.68 USD,-4.26,0.36,2026-07-02 19:59 EDT,https://finance.yahoo.com/quote/AMD/,2026-07-03-stock-brief.md
2026-07-03,ASML,ASML Holding N.V. - New York Re,1769.32,"1,769.32 USD",1776.98,"1,776.98 USD",-4.00,0.43,2026-07-02 19:59 EDT,https://finance.yahoo.com/quote/ASML/,2026-07-03-stock-brief.md
2026-07-04,INTC,Intel Corporation,120.35,120.35 USD,121.01,121.01 USD,-5.25,0.55,2026-07-02 19:59 EDT,https://finance.yahoo.com/quote/INTC/,2026-07-04-stock-brief.md
2026-07-04,AVGO,Broadcom Inc.,360.45,360.45 USD,361.75,361.75 USD,-2.41,0.36,2026-07-02 19:59 EDT,https://finance.yahoo.com/quote/AVGO/,2026-07-04-stock-brief.md
2026-07-04,RKLB,Rocket Lab Corporation,100.46,100.46 USD,100.20,100.20 USD,0.39,-0.26,2026-07-02 19:59 EDT,https://finance.yahoo.com/quote/RKLB/,2026-07-04-stock-brief.md
2026-07-04,AAPL,Apple Inc.,308.63,308.63 USD,308.44,308.44 USD,4.84,-0.06,2026-07-02 19:59 EDT,https://finance.yahoo.com/quote/AAPL/,2026-07-04-stock-brief.md
2026-07-04,NVDA,NVIDIA Corporation,194.83,194.83 USD,194.40,194.40 USD,-1.39,-0.22,2026-07-02 19:59 EDT,https://finance.yahoo.com/quote/NVDA/,2026-07-04-stock-brief.md
2026-07-04,TSLA,"Tesla, Inc.",393.45,393.45 USD,394.40,394.40 USD,-7.49,0.24,2026-07-02 19:59 EDT,https://finance.yahoo.com/quote/TSLA/,2026-07-04-stock-brief.md
2026-07-04,SNDK,Sandisk Corporation,1745.00,"1,745.00 USD",1762.07,"1,762.07 USD",-14.13,0.98,2026-07-02 19:59 EDT,https://finance.yahoo.com/quote/SNDK/,2026-07-04-stock-brief.md
2026-07-04,QQQ,"Invesco QQQ Trust, Series 1",712.60,712.60 USD,714.18,714.18 USD,-1.73,0.22,2026-07-02 19:59 EDT,https://finance.yahoo.com/quote/QQQ/,2026-07-04-stock-brief.md
2026-07-04,SPY,State Street SPDR S&P 500 ETF T,744.78,744.78 USD,745.74,745.74 USD,-0.13,0.13,2026-07-02 19:59 EDT,https://finance.yahoo.com/quote/SPY/,2026-07-04-stock-brief.md
2026-07-04,JEPQ,JPMorgan Nasdaq Equity Premium,59.39,59.39 USD,59.45,59.45 USD,-1.35,0.10,2026-07-02 19:59 EDT,https://finance.yahoo.com/quote/JEPQ/,2026-07-04-stock-brief.md
2026-07-04,ASTS,"AST SpaceMobile, Inc.",85.13,85.13 USD,85.50,85.50 USD,-1.13,0.43,2026-07-02 19:59 EDT,https://finance.yahoo.com/quote/ASTS/,2026-07-04-stock-brief.md
2026-07-04,MU,"Micron Technology, Inc.",975.56,975.56 USD,977.00,977.00 USD,-5.49,0.15,2026-07-02 19:59 EDT,https://finance.yahoo.com/quote/MU/,2026-07-04-stock-brief.md
2026-07-04,IREN,IREN LIMITED,38.82,38.82 USD,39.17,39.17 USD,-10.39,0.90,2026-07-02 19:59 EDT,https://finance.yahoo.com/quote/IREN/,2026-07-04-stock-brief.md
2026-07-04,EOSE,"Eos Energy Enterprises, Inc.",5.23,5.23 USD,5.26,5.26 USD,-5.77,0.57,2026-07-02 19:59 EDT,https://finance.yahoo.com/quote/EOSE/,2026-07-04-stock-brief.md
2026-07-04,GOOG,Alphabet Inc.,356.18,356.18 USD,355.11,355.11 USD,-0.48,-0.30,2026-07-02 19:59 EDT,https://finance.yahoo.com/quote/GOOG/,2026-07-04-stock-brief.md
2026-07-04,DRAM,Roundhill Memory ETF,60.63,60.63 USD,61.20,61.20 USD,-7.94,0.94,2026-07-02 19:59 EDT,https://finance.yahoo.com/quote/DRAM/,2026-07-04-stock-brief.md
2026-07-04,AMD,"Advanced Micro Devices, Inc.",517.82,517.82 USD,519.68,519.68 USD,-4.26,0.36,2026-07-02 19:59 EDT,https://finance.yahoo.com/quote/AMD/,2026-07-04-stock-brief.md
2026-07-04,ASML,ASML Holding N.V. - New York Re,1769.32,"1,769.32 USD",1776.98,"1,776.98 USD",-4.00,0.43,2026-07-02 19:59 EDT,https://finance.yahoo.com/quote/ASML/,2026-07-04-stock-brief.md
2026-07-05,INTC,Intel Corporation,120.35,120.35 USD,121.01,121.01 USD,-5.25,0.55,2026-07-02 19:59 EDT,https://finance.yahoo.com/quote/INTC/,2026-07-05-stock-brief.md
2026-07-05,AVGO,Broadcom Inc.,360.45,360.45 USD,361.75,361.75 USD,-2.41,0.36,2026-07-02 19:59 EDT,https://finance.yahoo.com/quote/AVGO/,2026-07-05-stock-brief.md
2026-07-05,RKLB,Rocket Lab Corporation,100.46,100.46 USD,100.20,100.20 USD,0.39,-0.26,2026-07-02 19:59 EDT,https://finance.yahoo.com/quote/RKLB/,2026-07-05-stock-brief.md
2026-07-05,AAPL,Apple Inc.,308.63,308.63 USD,308.44,308.44 USD,4.84,-0.06,2026-07-02 19:59 EDT,https://finance.yahoo.com/quote/AAPL/,2026-07-05-stock-brief.md
2026-07-05,NVDA,NVIDIA Corporation,194.83,194.83 USD,194.40,194.40 USD,-1.39,-0.22,2026-07-02 19:59 EDT,https://finance.yahoo.com/quote/NVDA/,2026-07-05-stock-brief.md
2026-07-05,TSLA,"Tesla, Inc.",393.45,393.45 USD,394.40,394.40 USD,-7.49,0.24,2026-07-02 19:59 EDT,https://finance.yahoo.com/quote/TSLA/,2026-07-05-stock-brief.md
2026-07-05,SNDK,Sandisk Corporation,1745.00,"1,745.00 USD",1762.07,"1,762.07 USD",-14.13,0.98,2026-07-02 19:59 EDT,https://finance.yahoo.com/quote/SNDK/,2026-07-05-stock-brief.md
2026-07-05,QQQ,"Invesco QQQ Trust, Series 1",712.60,712.60 USD,714.18,714.18 USD,-1.73,0.22,2026-07-02 19:59 EDT,https://finance.yahoo.com/quote/QQQ/,2026-07-05-stock-brief.md
2026-07-05,SPY,State Street SPDR S&P 500 ETF T,744.78,744.78 USD,745.74,745.74 USD,-0.13,0.13,2026-07-02 19:59 EDT,https://finance.yahoo.com/quote/SPY/,2026-07-05-stock-brief.md
2026-07-05,JEPQ,JPMorgan Nasdaq Equity Premium,59.39,59.39 USD,59.45,59.45 USD,-1.35,0.10,2026-07-02 19:59 EDT,https://finance.yahoo.com/quote/JEPQ/,2026-07-05-stock-brief.md
2026-07-05,ASTS,"AST SpaceMobile, Inc.",85.13,85.13 USD,85.50,85.50 USD,-1.13,0.43,2026-07-02 19:59 EDT,https://finance.yahoo.com/quote/ASTS/,2026-07-05-stock-brief.md
2026-07-05,MU,"Micron Technology, Inc.",975.56,975.56 USD,977.00,977.00 USD,-5.49,0.15,2026-07-02 19:59 EDT,https://finance.yahoo.com/quote/MU/,2026-07-05-stock-brief.md
2026-07-05,IREN,IREN LIMITED,38.82,38.82 USD,39.17,39.17 USD,-10.39,0.90,2026-07-02 19:59 EDT,https://finance.yahoo.com/quote/IREN/,2026-07-05-stock-brief.md
2026-07-05,EOSE,"Eos Energy Enterprises, Inc.",5.23,5.23 USD,5.26,5.26 USD,-5.77,0.57,2026-07-02 19:59 EDT,https://finance.yahoo.com/quote/EOSE/,2026-07-05-stock-brief.md
2026-07-05,GOOG,Alphabet Inc.,356.18,356.18 USD,355.11,355.11 USD,-0.48,-0.30,2026-07-02 19:59 EDT,https://finance.yahoo.com/quote/GOOG/,2026-07-05-stock-brief.md
2026-07-05,DRAM,Roundhill Memory ETF,60.63,60.63 USD,61.20,61.20 USD,-7.94,0.94,2026-07-02 19:59 EDT,https://finance.yahoo.com/quote/DRAM/,2026-07-05-stock-brief.md
2026-07-05,AMD,"Advanced Micro Devices, Inc.",517.82,517.82 USD,519.68,519.68 USD,-4.26,0.36,2026-07-02 19:59 EDT,https://finance.yahoo.com/quote/AMD/,2026-07-05-stock-brief.md
2026-07-05,ASML,ASML Holding N.V. - New York Re,1769.32,"1,769.32 USD",1776.98,"1,776.98 USD",-4.00,0.43,2026-07-02 19:59 EDT,https://finance.yahoo.com/quote/ASML/,2026-07-05-stock-brief.md
2026-07-06,INTC,Intel Corporation,120.35,120.35 USD,121.01,121.01 USD,-5.25,0.55,2026-07-02 19:59 EDT,https://finance.yahoo.com/quote/INTC/,2026-07-06-stock-brief.md
2026-07-06,AVGO,Broadcom Inc.,360.45,360.45 USD,361.75,361.75 USD,-2.41,0.36,2026-07-02 19:59 EDT,https://finance.yahoo.com/quote/AVGO/,2026-07-06-stock-brief.md
2026-07-06,RKLB,Rocket Lab Corporation,100.46,100.46 USD,100.20,100.20 USD,0.39,-0.26,2026-07-02 19:59 EDT,https://finance.yahoo.com/quote/RKLB/,2026-07-06-stock-brief.md
2026-07-06,AAPL,Apple Inc.,308.63,308.63 USD,308.44,308.44 USD,4.84,-0.06,2026-07-02 19:59 EDT,https://finance.yahoo.com/quote/AAPL/,2026-07-06-stock-brief.md
2026-07-06,NVDA,NVIDIA Corporation,194.83,194.83 USD,194.40,194.40 USD,-1.39,-0.22,2026-07-02 19:59 EDT,https://finance.yahoo.com/quote/NVDA/,2026-07-06-stock-brief.md
2026-07-06,TSLA,"Tesla, Inc.",393.45,393.45 USD,394.40,394.40 USD,-7.49,0.24,2026-07-02 19:59 EDT,https://finance.yahoo.com/quote/TSLA/,2026-07-06-stock-brief.md
2026-07-06,SNDK,Sandisk Corporation,1745.00,"1,745.00 USD",1762.07,"1,762.07 USD",-14.13,0.98,2026-07-02 19:59 EDT,https://finance.yahoo.com/quote/SNDK/,2026-07-06-stock-brief.md
2026-07-06,QQQ,"Invesco QQQ Trust, Series 1",712.60,712.60 USD,714.18,714.18 USD,-1.73,0.22,2026-07-02 19:59 EDT,https://finance.yahoo.com/quote/QQQ/,2026-07-06-stock-brief.md
2026-07-06,SPY,State Street SPDR S&P 500 ETF T,744.78,744.78 USD,745.74,745.74 USD,-0.13,0.13,2026-07-02 19:59 EDT,https://finance.yahoo.com/quote/SPY/,2026-07-06-stock-brief.md
2026-07-06,JEPQ,JPMorgan Nasdaq Equity Premium,59.39,59.39 USD,59.45,59.45 USD,-1.35,0.10,2026-07-02 19:59 EDT,https://finance.yahoo.com/quote/JEPQ/,2026-07-06-stock-brief.md
2026-07-06,ASTS,"AST SpaceMobile, Inc.",85.13,85.13 USD,85.50,85.50 USD,-1.13,0.43,2026-07-02 19:59 EDT,https://finance.yahoo.com/quote/ASTS/,2026-07-06-stock-brief.md
2026-07-06,MU,"Micron Technology, Inc.",975.56,975.56 USD,977.00,977.00 USD,-5.49,0.15,2026-07-02 19:59 EDT,https://finance.yahoo.com/quote/MU/,2026-07-06-stock-brief.md
2026-07-06,IREN,IREN LIMITED,38.82,38.82 USD,39.17,39.17 USD,-10.39,0.90,2026-07-02 19:59 EDT,https://finance.yahoo.com/quote/IREN/,2026-07-06-stock-brief.md
2026-07-06,EOSE,"Eos Energy Enterprises, Inc.",5.23,5.23 USD,5.26,5.26 USD,-5.77,0.57,2026-07-02 19:59 EDT,https://finance.yahoo.com/quote/EOSE/,2026-07-06-stock-brief.md
2026-07-06,GOOG,Alphabet Inc.,356.18,356.18 USD,355.11,355.11 USD,-0.48,-0.30,2026-07-02 19:59 EDT,https://finance.yahoo.com/quote/GOOG/,2026-07-06-stock-brief.md
2026-07-06,DRAM,Roundhill Memory ETF,60.63,60.63 USD,61.20,61.20 USD,-7.94,0.94,2026-07-02 19:59 EDT,https://finance.yahoo.com/quote/DRAM/,2026-07-06-stock-brief.md
2026-07-06,AMD,"Advanced Micro Devices, Inc.",517.82,517.82 USD,519.68,519.68 USD,-4.26,0.36,2026-07-02 19:59 EDT,https://finance.yahoo.com/quote/AMD/,2026-07-06-stock-brief.md
2026-07-06,ASML,ASML Holding N.V. - New York Re,1769.32,"1,769.32 USD",1776.98,"1,776.98 USD",-4.00,0.43,2026-07-02 19:59 EDT,https://finance.yahoo.com/quote/ASML/,2026-07-06-stock-brief.md
2026-07-07,INTC,Intel Corporation,122.20,122.20 USD,121.13,121.13 USD,1.54,-0.88,2026-07-06 19:59 EDT,https://finance.yahoo.com/quote/INTC/,2026-07-07-stock-brief.md
2026-07-07,AVGO,Broadcom Inc.,373.90,373.90 USD,373.99,373.99 USD,3.73,0.02,2026-07-06 19:59 EDT,https://finance.yahoo.com/quote/AVGO/,2026-07-07-stock-brief.md
2026-07-07,RKLB,Rocket Lab Corporation,93.09,93.09 USD,91.50,91.50 USD,-7.34,-1.71,2026-07-06 19:59 EDT,https://finance.yahoo.com/quote/RKLB/,2026-07-07-stock-brief.md
2026-07-07,AAPL,Apple Inc.,312.66,312.66 USD,312.70,312.70 USD,1.31,0.01,2026-07-06 19:59 EDT,https://finance.yahoo.com/quote/AAPL/,2026-07-07-stock-brief.md
2026-07-07,NVDA,NVIDIA Corporation,195.55,195.55 USD,194.70,194.70 USD,0.37,-0.44,2026-07-06 19:59 EDT,https://finance.yahoo.com/quote/NVDA/,2026-07-07-stock-brief.md
2026-07-07,TSLA,"Tesla, Inc.",419.77,419.77 USD,416.99,416.99 USD,6.69,-0.66,2026-07-06 19:59 EDT,https://finance.yahoo.com/quote/TSLA/,2026-07-07-stock-brief.md
2026-07-07,SNDK,Sandisk Corporation,1744.43,"1,744.43 USD",1689.56,"1,689.56 USD",-0.03,-3.15,2026-07-06 19:59 EDT,https://finance.yahoo.com/quote/SNDK/,2026-07-07-stock-brief.md
2026-07-07,QQQ,"Invesco QQQ Trust, Series 1",722.82,722.82 USD,720.27,720.27 USD,1.43,-0.35,2026-07-06 19:59 EDT,https://finance.yahoo.com/quote/QQQ/,2026-07-07-stock-brief.md
2026-07-07,SPY,State Street SPDR S&P 500 ETF T,751.28,751.28 USD,750.66,750.66 USD,0.87,-0.08,2026-07-06 19:59 EDT,https://finance.yahoo.com/quote/SPY/,2026-07-07-stock-brief.md
2026-07-07,JEPQ,JPMorgan Nasdaq Equity Premium,60.16,60.16 USD,60.01,60.01 USD,1.30,-0.25,2026-07-06 19:59 EDT,https://finance.yahoo.com/quote/JEPQ/,2026-07-07-stock-brief.md
2026-07-07,ASTS,"AST SpaceMobile, Inc.",80.64,80.64 USD,79.53,79.53 USD,-5.27,-1.38,2026-07-06 19:59 EDT,https://finance.yahoo.com/quote/ASTS/,2026-07-07-stock-brief.md
2026-07-07,MU,"Micron Technology, Inc.",984.75,984.75 USD,960.00,960.00 USD,0.94,-2.51,2026-07-06 19:59 EDT,https://finance.yahoo.com/quote/MU/,2026-07-07-stock-brief.md
2026-07-07,IREN,IREN LIMITED,43.91,43.91 USD,43.70,43.70 USD,13.11,-0.48,2026-07-06 19:59 EDT,https://finance.yahoo.com/quote/IREN/,2026-07-07-stock-brief.md
2026-07-07,EOSE,"Eos Energy Enterprises, Inc.",5.06,5.06 USD,5.07,5.07 USD,-3.25,0.20,2026-07-06 19:59 EDT,https://finance.yahoo.com/quote/EOSE/,2026-07-07-stock-brief.md
2026-07-07,GOOG,Alphabet Inc.,364.90,364.90 USD,364.90,364.90 USD,2.45,0.00,2026-07-06 19:59 EDT,https://finance.yahoo.com/quote/GOOG/,2026-07-07-stock-brief.md
2026-07-07,DRAM,Roundhill Memory ETF,64.76,64.76 USD,62.19,62.19 USD,6.81,-3.97,2026-07-06 19:59 EDT,https://finance.yahoo.com/quote/DRAM/,2026-07-07-stock-brief.md
2026-07-07,AMD,"Advanced Micro Devices, Inc.",552.05,552.05 USD,549.15,549.15 USD,6.61,-0.53,2026-07-06 19:59 EDT,https://finance.yahoo.com/quote/AMD/,2026-07-07-stock-brief.md
2026-07-07,ASML,ASML Holding N.V. - New York Re,1825.07,"1,825.07 USD",1813.95,"1,813.95 USD",3.15,-0.61,2026-07-06 19:59 EDT,https://finance.yahoo.com/quote/ASML/,2026-07-07-stock-brief.md
2026-07-08,INTC,Intel Corporation,110.39,110.39 USD,108.20,108.20 USD,-9.66,-1.99,2026-07-07 19:59 EDT,https://finance.yahoo.com/quote/INTC/,2026-07-08-stock-brief.md
2026-07-08,AVGO,Broadcom Inc.,370.78,370.78 USD,367.87,367.87 USD,-0.83,-0.78,2026-07-07 19:59 EDT,https://finance.yahoo.com/quote/AVGO/,2026-07-08-stock-brief.md
2026-07-08,RKLB,Rocket Lab Corporation,83.41,83.41 USD,83.75,83.75 USD,-10.40,0.41,2026-07-07 19:59 EDT,https://finance.yahoo.com/quote/RKLB/,2026-07-08-stock-brief.md
2026-07-08,AAPL,Apple Inc.,310.66,310.66 USD,311.42,311.42 USD,-0.64,0.24,2026-07-07 19:59 EDT,https://finance.yahoo.com/quote/AAPL/,2026-07-08-stock-brief.md
2026-07-08,NVDA,NVIDIA Corporation,196.93,196.93 USD,195.89,195.89 USD,0.71,-0.53,2026-07-07 19:59 EDT,https://finance.yahoo.com/quote/NVDA/,2026-07-08-stock-brief.md
2026-07-08,TSLA,"Tesla, Inc.",402.90,402.90 USD,403.78,403.78 USD,-4.02,0.22,2026-07-07 19:59 EDT,https://finance.yahoo.com/quote/TSLA/,2026-07-08-stock-brief.md
2026-07-08,SNDK,Sandisk Corporation,1617.70,"1,617.70 USD",1579.00,"1,579.00 USD",-7.26,-2.39,2026-07-07 19:59 EDT,https://finance.yahoo.com/quote/SNDK/,2026-07-08-stock-brief.md
2026-07-08,QQQ,"Invesco QQQ Trust, Series 1",709.43,709.43 USD,707.08,707.08 USD,-1.85,-0.33,2026-07-07 19:59 EDT,https://finance.yahoo.com/quote/QQQ/,2026-07-08-stock-brief.md
2026-07-08,SPY,State Street SPDR S&P 500 ETF T,747.71,747.71 USD,746.15,746.15 USD,-0.48,-0.21,2026-07-07 19:59 EDT,https://finance.yahoo.com/quote/SPY/,2026-07-08-stock-brief.md
2026-07-08,JEPQ,JPMorgan Nasdaq Equity Premium,59.32,59.32 USD,59.20,59.20 USD,-1.40,-0.20,2026-07-07 19:58 EDT,https://finance.yahoo.com/quote/JEPQ/,2026-07-08-stock-brief.md
2026-07-08,ASTS,"AST SpaceMobile, Inc.",74.21,74.21 USD,73.63,73.63 USD,-7.97,-0.78,2026-07-07 19:59 EDT,https://finance.yahoo.com/quote/ASTS/,2026-07-08-stock-brief.md
2026-07-08,MU,"Micron Technology, Inc.",938.38,938.38 USD,914.87,914.87 USD,-4.71,-2.51,2026-07-07 19:59 EDT,https://finance.yahoo.com/quote/MU/,2026-07-08-stock-brief.md
2026-07-08,IREN,IREN LIMITED,39.81,39.81 USD,39.40,39.40 USD,-9.33,-1.04,2026-07-07 19:59 EDT,https://finance.yahoo.com/quote/IREN/,2026-07-08-stock-brief.md
2026-07-08,EOSE,"Eos Energy Enterprises, Inc.",4.74,4.74 USD,4.75,4.75 USD,-6.32,0.21,2026-07-07 19:59 EDT,https://finance.yahoo.com/quote/EOSE/,2026-07-08-stock-brief.md
2026-07-08,GOOG,Alphabet Inc.,363.62,363.62 USD,363.62,363.62 USD,-0.35,0.00,2026-07-07 19:59 EDT,https://finance.yahoo.com/quote/GOOG/,2026-07-08-stock-brief.md
2026-07-08,DRAM,Roundhill Memory ETF,60.59,60.59 USD,59.06,59.06 USD,-6.44,-2.53,2026-07-07 19:59 EDT,https://finance.yahoo.com/quote/DRAM/,2026-07-08-stock-brief.md
2026-07-08,AMD,"Advanced Micro Devices, Inc.",516.11,516.11 USD,512.37,512.37 USD,-6.51,-0.73,2026-07-07 19:59 EDT,https://finance.yahoo.com/quote/AMD/,2026-07-08-stock-brief.md
2026-07-08,ASML,ASML Holding N.V. - New York Re,1747.28,"1,747.28 USD",1735.19,"1,735.19 USD",-4.26,-0.69,2026-07-07 19:59 EDT,https://finance.yahoo.com/quote/ASML/,2026-07-08-stock-brief.md
2026-07-09,INTC,Intel Corporation,110.24,110.24 USD,110.29,110.29 USD,-0.14,0.05,2026-07-08 19:59 EDT,https://finance.yahoo.com/quote/INTC/,2026-07-09-stock-brief.md
2026-07-09,AVGO,Broadcom Inc.,388.69,388.69 USD,389.90,389.90 USD,4.83,0.31,2026-07-08 19:59 EDT,https://finance.yahoo.com/quote/AVGO/,2026-07-09-stock-brief.md
2026-07-09,RKLB,Rocket Lab Corporation,83.35,83.35 USD,84.69,84.69 USD,-0.07,1.61,2026-07-08 19:59 EDT,https://finance.yahoo.com/quote/RKLB/,2026-07-09-stock-brief.md
2026-07-09,AAPL,Apple Inc.,313.39,313.39 USD,313.16,313.16 USD,0.88,-0.07,2026-07-08 19:59 EDT,https://finance.yahoo.com/quote/AAPL/,2026-07-09-stock-brief.md
2026-07-09,NVDA,NVIDIA Corporation,204.12,204.12 USD,203.62,203.62 USD,3.65,-0.24,2026-07-08 19:59 EDT,https://finance.yahoo.com/quote/NVDA/,2026-07-09-stock-brief.md
2026-07-09,TSLA,"Tesla, Inc.",394.06,394.06 USD,394.00,394.00 USD,-2.19,-0.02,2026-07-08 19:59 EDT,https://finance.yahoo.com/quote/TSLA/,2026-07-09-stock-brief.md
2026-07-09,SNDK,Sandisk Corporation,1727.18,"1,727.18 USD",1746.00,"1,746.00 USD",6.77,1.09,2026-07-08 19:59 EDT,https://finance.yahoo.com/quote/SNDK/,2026-07-09-stock-brief.md
2026-07-09,QQQ,"Invesco QQQ Trust, Series 1",711.44,711.44 USD,712.32,712.32 USD,0.28,0.12,2026-07-08 19:59 EDT,https://finance.yahoo.com/quote/QQQ/,2026-07-09-stock-brief.md
2026-07-09,SPY,State Street SPDR S&P 500 ETF T,745.40,745.40 USD,745.34,745.34 USD,-0.31,-0.01,2026-07-08 19:59 EDT,https://finance.yahoo.com/quote/SPY/,2026-07-09-stock-brief.md
2026-07-09,JEPQ,JPMorgan Nasdaq Equity Premium,59.45,59.45 USD,59.48,59.48 USD,0.22,0.06,2026-07-08 19:59 EDT,https://finance.yahoo.com/quote/JEPQ/,2026-07-09-stock-brief.md
2026-07-09,ASTS,"AST SpaceMobile, Inc.",74.95,74.95 USD,74.90,74.90 USD,1.00,-0.07,2026-07-08 19:59 EDT,https://finance.yahoo.com/quote/ASTS/,2026-07-09-stock-brief.md
2026-07-09,MU,"Micron Technology, Inc.",948.80,948.80 USD,957.70,957.70 USD,1.11,0.94,2026-07-08 19:59 EDT,https://finance.yahoo.com/quote/MU/,2026-07-09-stock-brief.md
2026-07-09,IREN,IREN LIMITED,43.01,43.01 USD,43.15,43.15 USD,8.01,0.34,2026-07-08 19:59 EDT,https://finance.yahoo.com/quote/IREN/,2026-07-09-stock-brief.md
2026-07-09,EOSE,"Eos Energy Enterprises, Inc.",4.51,4.51 USD,4.56,4.56 USD,-4.96,1.22,2026-07-08 19:59 EDT,https://finance.yahoo.com/quote/EOSE/,2026-07-09-stock-brief.md
2026-07-09,GOOG,Alphabet Inc.,358.71,358.71 USD,358.60,358.60 USD,-1.35,-0.03,2026-07-08 19:59 EDT,https://finance.yahoo.com/quote/GOOG/,2026-07-09-stock-brief.md
2026-07-09,DRAM,Roundhill Memory ETF,62.04,62.04 USD,62.85,62.85 USD,2.39,1.31,2026-07-08 19:59 EDT,https://finance.yahoo.com/quote/DRAM/,2026-07-09-stock-brief.md
2026-07-09,AMD,"Advanced Micro Devices, Inc.",517.41,517.41 USD,516.79,516.79 USD,0.25,-0.12,2026-07-08 19:59 EDT,https://finance.yahoo.com/quote/AMD/,2026-07-09-stock-brief.md
2026-07-09,ASML,ASML Holding N.V. - New York Re,1768.65,"1,768.65 USD",1774.01,"1,774.01 USD",1.22,0.30,2026-07-08 19:59 EDT,https://finance.yahoo.com/quote/ASML/,2026-07-09-stock-brief.md
2026-07-10,INTC,Intel Corporation,112.54,112.54 USD,112.63,112.63 USD,2.09,0.08,2026-07-09 19:59 EDT,https://finance.yahoo.com/quote/INTC/,2026-07-10-stock-brief.md
2026-07-10,AVGO,Broadcom Inc.,401.11,401.11 USD,400.86,400.86 USD,3.20,-0.06,2026-07-09 19:59 EDT,https://finance.yahoo.com/quote/AVGO/,2026-07-10-stock-brief.md
2026-07-10,RKLB,Rocket Lab Corporation,82.55,82.55 USD,83.32,83.32 USD,-0.96,0.93,2026-07-09 19:59 EDT,https://finance.yahoo.com/quote/RKLB/,2026-07-10-stock-brief.md
2026-07-10,AAPL,Apple Inc.,316.22,316.22 USD,315.21,315.21 USD,0.90,-0.32,2026-07-09 19:59 EDT,https://finance.yahoo.com/quote/AAPL/,2026-07-10-stock-brief.md
2026-07-10,NVDA,NVIDIA Corporation,202.78,202.78 USD,202.31,202.31 USD,-0.66,-0.23,2026-07-09 19:59 EDT,https://finance.yahoo.com/quote/NVDA/,2026-07-10-stock-brief.md
2026-07-10,TSLA,"Tesla, Inc.",406.55,406.55 USD,405.10,405.10 USD,3.17,-0.36,2026-07-09 19:59 EDT,https://finance.yahoo.com/quote/TSLA/,2026-07-10-stock-brief.md
2026-07-10,SNDK,Sandisk Corporation,1858.27,"1,858.27 USD",1887.99,"1,887.99 USD",7.59,1.60,2026-07-09 19:59 EDT,https://finance.yahoo.com/quote/SNDK/,2026-07-10-stock-brief.md
2026-07-10,QQQ,"Invesco QQQ Trust, Series 1",723.28,723.28 USD,722.92,722.92 USD,1.66,-0.05,2026-07-09 19:59 EDT,https://finance.yahoo.com/quote/QQQ/,2026-07-10-stock-brief.md
2026-07-10,SPY,State Street SPDR S&P 500 ETF T,751.71,751.71 USD,751.44,751.44 USD,0.85,-0.04,2026-07-09 19:59 EDT,https://finance.yahoo.com/quote/SPY/,2026-07-10-stock-brief.md
2026-07-10,JEPQ,JPMorgan Nasdaq Equity Premium,60.24,60.24 USD,60.22,60.22 USD,1.33,-0.03,2026-07-09 19:59 EDT,https://finance.yahoo.com/quote/JEPQ/,2026-07-10-stock-brief.md
2026-07-10,ASTS,"AST SpaceMobile, Inc.",73.88,73.88 USD,74.00,74.00 USD,-1.43,0.16,2026-07-09 19:59 EDT,https://finance.yahoo.com/quote/ASTS/,2026-07-10-stock-brief.md
2026-07-10,MU,"Micron Technology, Inc.",991.64,991.64 USD,1002.43,"1,002.43 USD",4.52,1.09,2026-07-09 19:59 EDT,https://finance.yahoo.com/quote/MU/,2026-07-10-stock-brief.md
2026-07-10,IREN,IREN LIMITED,41.72,41.72 USD,42.19,42.19 USD,-2.99,1.13,2026-07-09 19:59 EDT,https://finance.yahoo.com/quote/IREN/,2026-07-10-stock-brief.md
2026-07-10,EOSE,"Eos Energy Enterprises, Inc.",4.58,4.58 USD,4.60,4.60 USD,1.66,0.41,2026-07-09 19:59 EDT,https://finance.yahoo.com/quote/EOSE/,2026-07-10-stock-brief.md
2026-07-10,GOOG,Alphabet Inc.,356.24,356.24 USD,354.74,354.74 USD,-0.69,-0.42,2026-07-09 19:59 EDT,https://finance.yahoo.com/quote/GOOG/,2026-07-10-stock-brief.md
2026-07-10,DRAM,Roundhill Memory ETF,64.36,64.36 USD,65.12,65.12 USD,3.74,1.18,2026-07-09 19:59 EDT,https://finance.yahoo.com/quote/DRAM/,2026-07-10-stock-brief.md
2026-07-10,AMD,"Advanced Micro Devices, Inc.",546.72,546.72 USD,547.06,547.06 USD,5.66,0.06,2026-07-09 19:59 EDT,https://finance.yahoo.com/quote/AMD/,2026-07-10-stock-brief.md
2026-07-10,ASML,ASML Holding N.V. - New York Re,1804.25,"1,804.25 USD",1816.49,"1,816.49 USD",2.01,0.68,2026-07-09 19:59 EDT,https://finance.yahoo.com/quote/ASML/,2026-07-10-stock-brief.md
2026-07-11,INTC,Intel Corporation,109.84,109.84 USD,109.60,109.60 USD,-2.40,-0.22,2026-07-10 19:59 EDT,https://finance.yahoo.com/quote/INTC/,2026-07-11-stock-brief.md
2026-07-11,AVGO,Broadcom Inc.,399.97,399.97 USD,400.40,400.40 USD,-0.28,0.11,2026-07-10 19:59 EDT,https://finance.yahoo.com/quote/AVGO/,2026-07-11-stock-brief.md
2026-07-11,RKLB,Rocket Lab Corporation,81.04,81.04 USD,81.59,81.59 USD,-1.83,0.68,2026-07-10 19:59 EDT,https://finance.yahoo.com/quote/RKLB/,2026-07-11-stock-brief.md
2026-07-11,AAPL,Apple Inc.,315.32,315.32 USD,314.97,314.97 USD,-0.28,-0.11,2026-07-10 19:59 EDT,https://finance.yahoo.com/quote/AAPL/,2026-07-11-stock-brief.md
2026-07-11,NVDA,NVIDIA Corporation,210.96,210.96 USD,210.57,210.57 USD,4.03,-0.18,2026-07-10 19:59 EDT,https://finance.yahoo.com/quote/NVDA/,2026-07-11-stock-brief.md
2026-07-11,TSLA,"Tesla, Inc.",407.76,407.76 USD,407.59,407.59 USD,0.30,-0.04,2026-07-10 19:59 EDT,https://finance.yahoo.com/quote/TSLA/,2026-07-11-stock-brief.md
2026-07-11,SNDK,Sandisk Corporation,1915.92,"1,915.92 USD",1935.00,"1,935.00 USD",3.10,1.00,2026-07-10 19:59 EDT,https://finance.yahoo.com/quote/SNDK/,2026-07-11-stock-brief.md
2026-07-11,QQQ,"Invesco QQQ Trust, Series 1",725.51,725.51 USD,726.41,726.41 USD,0.31,0.12,2026-07-10 19:59 EDT,https://finance.yahoo.com/quote/QQQ/,2026-07-11-stock-brief.md
2026-07-11,SPY,State Street SPDR S&P 500 ETF T,754.95,754.95 USD,754.89,754.89 USD,0.43,-0.01,2026-07-10 19:59 EDT,https://finance.yahoo.com/quote/SPY/,2026-07-11-stock-brief.md
2026-07-11,JEPQ,JPMorgan Nasdaq Equity Premium,60.51,60.51 USD,60.45,60.45 USD,0.45,-0.10,2026-07-10 19:59 EDT,https://finance.yahoo.com/quote/JEPQ/,2026-07-11-stock-brief.md
2026-07-11,ASTS,"AST SpaceMobile, Inc.",73.32,73.32 USD,73.58,73.58 USD,-0.76,0.35,2026-07-10 19:59 EDT,https://finance.yahoo.com/quote/ASTS/,2026-07-11-stock-brief.md
2026-07-11,MU,"Micron Technology, Inc.",979.30,979.30 USD,982.75,982.75 USD,-1.24,0.35,2026-07-10 19:59 EDT,https://finance.yahoo.com/quote/MU/,2026-07-11-stock-brief.md
2026-07-11,IREN,IREN LIMITED,41.14,41.14 USD,40.83,40.83 USD,-1.39,-0.76,2026-07-10 19:59 EDT,https://finance.yahoo.com/quote/IREN/,2026-07-11-stock-brief.md
2026-07-11,EOSE,"Eos Energy Enterprises, Inc.",4.40,4.40 USD,4.41,4.41 USD,-3.93,0.20,2026-07-10 19:59 EDT,https://finance.yahoo.com/quote/EOSE/,2026-07-11-stock-brief.md
2026-07-11,GOOG,Alphabet Inc.,355.03,355.03 USD,355.06,355.06 USD,-0.34,0.01,2026-07-10 19:59 EDT,https://finance.yahoo.com/quote/GOOG/,2026-07-11-stock-brief.md
2026-07-11,DRAM,Roundhill Memory ETF,63.04,63.04 USD,62.99,62.99 USD,-2.05,-0.08,2026-07-10 19:59 EDT,https://finance.yahoo.com/quote/DRAM/,2026-07-11-stock-brief.md
2026-07-11,AMD,"Advanced Micro Devices, Inc.",557.89,557.89 USD,559.77,559.77 USD,2.04,0.34,2026-07-10 19:59 EDT,https://finance.yahoo.com/quote/AMD/,2026-07-11-stock-brief.md
2026-07-11,ASML,ASML Holding N.V. - New York Re,1797.32,"1,797.32 USD",1800.00,"1,800.00 USD",-0.38,0.15,2026-07-10 19:59 EDT,https://finance.yahoo.com/quote/ASML/,2026-07-11-stock-brief.md
2026-07-12,INTC,Intel Corporation,109.84,109.84 USD,109.60,109.60 USD,-2.40,-0.22,2026-07-10 19:59 EDT,https://finance.yahoo.com/quote/INTC/,2026-07-12-stock-brief.md
2026-07-12,AVGO,Broadcom Inc.,399.97,399.97 USD,400.40,400.40 USD,-0.28,0.11,2026-07-10 19:59 EDT,https://finance.yahoo.com/quote/AVGO/,2026-07-12-stock-brief.md
2026-07-12,RKLB,Rocket Lab Corporation,81.04,81.04 USD,81.59,81.59 USD,-1.83,0.68,2026-07-10 19:59 EDT,https://finance.yahoo.com/quote/RKLB/,2026-07-12-stock-brief.md
2026-07-12,AAPL,Apple Inc.,315.32,315.32 USD,314.97,314.97 USD,-0.28,-0.11,2026-07-10 19:59 EDT,https://finance.yahoo.com/quote/AAPL/,2026-07-12-stock-brief.md
2026-07-12,NVDA,NVIDIA Corporation,210.96,210.96 USD,210.57,210.57 USD,4.03,-0.18,2026-07-10 19:59 EDT,https://finance.yahoo.com/quote/NVDA/,2026-07-12-stock-brief.md
2026-07-12,TSLA,"Tesla, Inc.",407.76,407.76 USD,407.59,407.59 USD,0.30,-0.04,2026-07-10 19:59 EDT,https://finance.yahoo.com/quote/TSLA/,2026-07-12-stock-brief.md
2026-07-12,SNDK,Sandisk Corporation,1915.92,"1,915.92 USD",1935.00,"1,935.00 USD",3.10,1.00,2026-07-10 19:59 EDT,https://finance.yahoo.com/quote/SNDK/,2026-07-12-stock-brief.md
2026-07-12,QQQ,"Invesco QQQ Trust, Series 1",725.51,725.51 USD,726.41,726.41 USD,0.31,0.12,2026-07-10 19:59 EDT,https://finance.yahoo.com/quote/QQQ/,2026-07-12-stock-brief.md
2026-07-12,SPY,State Street SPDR S&P 500 ETF T,754.95,754.95 USD,754.89,754.89 USD,0.43,-0.01,2026-07-10 19:59 EDT,https://finance.yahoo.com/quote/SPY/,2026-07-12-stock-brief.md
2026-07-12,JEPQ,JPMorgan Nasdaq Equity Premium,60.51,60.51 USD,60.45,60.45 USD,0.45,-0.10,2026-07-10 19:59 EDT,https://finance.yahoo.com/quote/JEPQ/,2026-07-12-stock-brief.md
2026-07-12,ASTS,"AST SpaceMobile, Inc.",73.32,73.32 USD,73.58,73.58 USD,-0.76,0.35,2026-07-10 19:59 EDT,https://finance.yahoo.com/quote/ASTS/,2026-07-12-stock-brief.md
2026-07-12,MU,"Micron Technology, Inc.",979.30,979.30 USD,982.75,982.75 USD,-1.24,0.35,2026-07-10 19:59 EDT,https://finance.yahoo.com/quote/MU/,2026-07-12-stock-brief.md
2026-07-12,IREN,IREN LIMITED,41.14,41.14 USD,40.83,40.83 USD,-1.39,-0.76,2026-07-10 19:59 EDT,https://finance.yahoo.com/quote/IREN/,2026-07-12-stock-brief.md
2026-07-12,EOSE,"Eos Energy Enterprises, Inc.",4.40,4.40 USD,4.41,4.41 USD,-3.93,0.20,2026-07-10 19:59 EDT,https://finance.yahoo.com/quote/EOSE/,2026-07-12-stock-brief.md
2026-07-12,GOOG,Alphabet Inc.,355.03,355.03 USD,355.06,355.06 USD,-0.34,0.01,2026-07-10 19:59 EDT,https://finance.yahoo.com/quote/GOOG/,2026-07-12-stock-brief.md
2026-07-12,DRAM,Roundhill Memory ETF,63.04,63.04 USD,62.99,62.99 USD,-2.05,-0.08,2026-07-10 19:59 EDT,https://finance.yahoo.com/quote/DRAM/,2026-07-12-stock-brief.md
2026-07-12,AMD,"Advanced Micro Devices, Inc.",557.89,557.89 USD,559.77,559.77 USD,2.04,0.34,2026-07-10 19:59 EDT,https://finance.yahoo.com/quote/AMD/,2026-07-12-stock-brief.md
2026-07-12,ASML,ASML Holding N.V. - New York Re,1797.32,"1,797.32 USD",1800.00,"1,800.00 USD",-0.38,0.15,2026-07-10 19:59 EDT,https://finance.yahoo.com/quote/ASML/,2026-07-12-stock-brief.md
2026-07-13,INTC,Intel Corporation,109.84,109.84 USD,109.60,109.60 USD,-2.40,-0.22,2026-07-10 19:59 EDT,https://finance.yahoo.com/quote/INTC/,2026-07-13-stock-brief.md
2026-07-13,AVGO,Broadcom Inc.,399.97,399.97 USD,400.40,400.40 USD,-0.28,0.11,2026-07-10 19:59 EDT,https://finance.yahoo.com/quote/AVGO/,2026-07-13-stock-brief.md
2026-07-13,RKLB,Rocket Lab Corporation,81.04,81.04 USD,81.59,81.59 USD,-1.83,0.68,2026-07-10 19:59 EDT,https://finance.yahoo.com/quote/RKLB/,2026-07-13-stock-brief.md
2026-07-13,AAPL,Apple Inc.,315.32,315.32 USD,314.97,314.97 USD,-0.28,-0.11,2026-07-10 19:59 EDT,https://finance.yahoo.com/quote/AAPL/,2026-07-13-stock-brief.md
2026-07-13,NVDA,NVIDIA Corporation,210.96,210.96 USD,210.57,210.57 USD,4.03,-0.18,2026-07-10 19:59 EDT,https://finance.yahoo.com/quote/NVDA/,2026-07-13-stock-brief.md
2026-07-13,TSLA,"Tesla, Inc.",407.76,407.76 USD,407.59,407.59 USD,0.30,-0.04,2026-07-10 19:59 EDT,https://finance.yahoo.com/quote/TSLA/,2026-07-13-stock-brief.md
2026-07-13,SNDK,Sandisk Corporation,1915.92,"1,915.92 USD",1935.00,"1,935.00 USD",3.10,1.00,2026-07-10 19:59 EDT,https://finance.yahoo.com/quote/SNDK/,2026-07-13-stock-brief.md
2026-07-13,QQQ,"Invesco QQQ Trust, Series 1",725.51,725.51 USD,726.41,726.41 USD,0.31,0.12,2026-07-10 19:59 EDT,https://finance.yahoo.com/quote/QQQ/,2026-07-13-stock-brief.md
2026-07-13,SPY,State Street SPDR S&P 500 ETF T,754.95,754.95 USD,754.89,754.89 USD,0.43,-0.01,2026-07-10 19:59 EDT,https://finance.yahoo.com/quote/SPY/,2026-07-13-stock-brief.md
2026-07-13,JEPQ,JPMorgan Nasdaq Equity Premium,60.51,60.51 USD,60.45,60.45 USD,0.45,-0.10,2026-07-10 19:59 EDT,https://finance.yahoo.com/quote/JEPQ/,2026-07-13-stock-brief.md
2026-07-13,ASTS,"AST SpaceMobile, Inc.",73.32,73.32 USD,73.58,73.58 USD,-0.76,0.35,2026-07-10 19:59 EDT,https://finance.yahoo.com/quote/ASTS/,2026-07-13-stock-brief.md
2026-07-13,MU,"Micron Technology, Inc.",979.30,979.30 USD,982.75,982.75 USD,-1.24,0.35,2026-07-10 19:59 EDT,https://finance.yahoo.com/quote/MU/,2026-07-13-stock-brief.md
2026-07-13,IREN,IREN LIMITED,41.14,41.14 USD,40.83,40.83 USD,-1.39,-0.76,2026-07-10 19:59 EDT,https://finance.yahoo.com/quote/IREN/,2026-07-13-stock-brief.md
2026-07-13,EOSE,"Eos Energy Enterprises, Inc.",4.40,4.40 USD,4.41,4.41 USD,-3.93,0.20,2026-07-10 19:59 EDT,https://finance.yahoo.com/quote/EOSE/,2026-07-13-stock-brief.md
2026-07-13,GOOG,Alphabet Inc.,355.03,355.03 USD,355.06,355.06 USD,-0.34,0.01,2026-07-10 19:59 EDT,https://finance.yahoo.com/quote/GOOG/,2026-07-13-stock-brief.md
2026-07-13,DRAM,Roundhill Memory ETF,63.04,63.04 USD,62.99,62.99 USD,-2.05,-0.08,2026-07-10 19:59 EDT,https://finance.yahoo.com/quote/DRAM/,2026-07-13-stock-brief.md
2026-07-13,AMD,"Advanced Micro Devices, Inc.",557.89,557.89 USD,559.77,559.77 USD,2.04,0.34,2026-07-10 19:59 EDT,https://finance.yahoo.com/quote/AMD/,2026-07-13-stock-brief.md
2026-07-13,ASML,ASML Holding N.V. - New York Re,1797.32,"1,797.32 USD",1800.00,"1,800.00 USD",-0.38,0.15,2026-07-10 19:59 EDT,https://finance.yahoo.com/quote/ASML/,2026-07-13-stock-brief.md
2026-07-14,INTC,Intel Corporation,103.12,103.12 USD,102.42,102.42 USD,-6.12,-0.68,2026-07-13 20:00 EDT,https://finance.yahoo.com/quote/INTC/,2026-07-14-stock-brief.md
2026-07-14,AVGO,Broadcom Inc.,384.05,384.05 USD,383.44,383.44 USD,-3.98,-0.16,2026-07-13 19:59 EDT,https://finance.yahoo.com/quote/AVGO/,2026-07-14-stock-brief.md
2026-07-14,RKLB,Rocket Lab Corporation,76.73,76.73 USD,75.85,75.85 USD,-5.32,-1.15,2026-07-13 19:59 EDT,https://finance.yahoo.com/quote/RKLB/,2026-07-14-stock-brief.md
2026-07-14,AAPL,Apple Inc.,317.31,317.31 USD,317.88,317.88 USD,0.63,0.18,2026-07-13 19:59 EDT,https://finance.yahoo.com/quote/AAPL/,2026-07-14-stock-brief.md
2026-07-14,NVDA,NVIDIA Corporation,203.53,203.53 USD,203.25,203.25 USD,-3.52,-0.14,2026-07-13 20:00 EDT,https://finance.yahoo.com/quote/NVDA/,2026-07-14-stock-brief.md
2026-07-14,TSLA,"Tesla, Inc.",394.76,394.76 USD,393.02,393.02 USD,-3.19,-0.44,2026-07-13 19:59 EDT,https://finance.yahoo.com/quote/TSLA/,2026-07-14-stock-brief.md
2026-07-14,SNDK,Sandisk Corporation,1673.97,"1,673.97 USD",1633.17,"1,633.17 USD",-12.63,-2.44,2026-07-13 19:59 EDT,https://finance.yahoo.com/quote/SNDK/,2026-07-14-stock-brief.md
2026-07-14,QQQ,"Invesco QQQ Trust, Series 1",711.74,711.74 USD,710.58,710.58 USD,-1.90,-0.16,2026-07-13 19:59 EDT,https://finance.yahoo.com/quote/QQQ/,2026-07-14-stock-brief.md
2026-07-14,SPY,State Street SPDR S&P 500 ETF T,749.17,749.17 USD,748.13,748.13 USD,-0.77,-0.14,2026-07-13 19:59 EDT,https://finance.yahoo.com/quote/SPY/,2026-07-14-stock-brief.md
2026-07-14,JEPQ,JPMorgan Nasdaq Equity Premium,59.59,59.59 USD,59.48,59.48 USD,-1.52,-0.18,2026-07-13 19:59 EDT,https://finance.yahoo.com/quote/JEPQ/,2026-07-14-stock-brief.md
2026-07-14,ASTS,"AST SpaceMobile, Inc.",67.58,67.58 USD,66.97,66.97 USD,-7.83,-0.90,2026-07-13 19:59 EDT,https://finance.yahoo.com/quote/ASTS/,2026-07-14-stock-brief.md
2026-07-14,MU,"Micron Technology, Inc.",937.00,937.00 USD,920.80,920.80 USD,-4.32,-1.73,2026-07-13 19:59 EDT,https://finance.yahoo.com/quote/MU/,2026-07-14-stock-brief.md
2026-07-14,IREN,IREN LIMITED,38.98,38.98 USD,38.53,38.53 USD,-5.25,-1.15,2026-07-13 19:59 EDT,https://finance.yahoo.com/quote/IREN/,2026-07-14-stock-brief.md
2026-07-14,EOSE,"Eos Energy Enterprises, Inc.",4.35,4.35 USD,4.34,4.34 USD,-1.14,-0.14,2026-07-13 19:58 EDT,https://finance.yahoo.com/quote/EOSE/,2026-07-14-stock-brief.md
2026-07-14,GOOG,Alphabet Inc.,350.67,350.67 USD,350.86,350.86 USD,-1.23,0.05,2026-07-13 19:59 EDT,https://finance.yahoo.com/quote/GOOG/,2026-07-14-stock-brief.md
2026-07-14,DRAM,Roundhill Memory ETF,57.30,57.30 USD,55.90,55.90 USD,-9.11,-2.44,2026-07-13 19:59 EDT,https://finance.yahoo.com/quote/DRAM/,2026-07-14-stock-brief.md
2026-07-14,AMD,"Advanced Micro Devices, Inc.",534.39,534.39 USD,532.56,532.56 USD,-4.21,-0.34,2026-07-13 19:59 EDT,https://finance.yahoo.com/quote/AMD/,2026-07-14-stock-brief.md
2026-07-14,ASML,ASML Holding N.V. - New York Re,1726.04,"1,726.04 USD",1725.00,"1,725.00 USD",-3.97,-0.06,2026-07-13 19:59 EDT,https://finance.yahoo.com/quote/ASML/,2026-07-14-stock-brief.md
2026-07-15,INTC,Intel Corporation,103.12,103.12 USD,108.91,108.91 USD,-6.12,5.61,2026-07-14 19:59 EDT,https://finance.yahoo.com/quote/INTC/,2026-07-15-stock-brief.md
2026-07-15,AVGO,Broadcom Inc.,384.05,384.05 USD,391.00,391.00 USD,-3.98,1.81,2026-07-14 19:59 EDT,https://finance.yahoo.com/quote/AVGO/,2026-07-15-stock-brief.md
2026-07-15,RKLB,Rocket Lab Corporation,78.81,78.81 USD,79.52,79.52 USD,2.71,0.90,2026-07-14 19:59 EDT,https://finance.yahoo.com/quote/RKLB/,2026-07-15-stock-brief.md
2026-07-15,AAPL,Apple Inc.,317.31,317.31 USD,315.50,315.50 USD,0.63,-0.57,2026-07-14 19:59 EDT,https://finance.yahoo.com/quote/AAPL/,2026-07-15-stock-brief.md
2026-07-15,NVDA,NVIDIA Corporation,203.53,203.53 USD,211.82,211.82 USD,-3.52,4.07,2026-07-14 19:59 EDT,https://finance.yahoo.com/quote/NVDA/,2026-07-15-stock-brief.md
2026-07-15,TSLA,"Tesla, Inc.",394.76,394.76 USD,395.80,395.80 USD,-3.19,0.26,2026-07-14 19:59 EDT,https://finance.yahoo.com/quote/TSLA/,2026-07-15-stock-brief.md
2026-07-15,SNDK,Sandisk Corporation,1757.82,"1,757.82 USD",1767.00,"1,767.00 USD",5.01,0.52,2026-07-14 19:59 EDT,https://finance.yahoo.com/quote/SNDK/,2026-07-15-stock-brief.md
2026-07-15,QQQ,"Invesco QQQ Trust, Series 1",711.74,711.74 USD,722.06,722.06 USD,-1.90,1.45,2026-07-14 19:59 EDT,https://finance.yahoo.com/quote/QQQ/,2026-07-15-stock-brief.md
2026-07-15,SPY,State Street SPDR S&P 500 ETF T,749.17,749.17 USD,753.10,753.10 USD,-0.77,0.52,2026-07-14 19:59 EDT,https://finance.yahoo.com/quote/SPY/,2026-07-15-stock-brief.md
2026-07-15,JEPQ,JPMorgan Nasdaq Equity Premium,60.19,60.19 USD,60.33,60.33 USD,1.01,0.23,2026-07-14 19:59 EDT,https://finance.yahoo.com/quote/JEPQ/,2026-07-15-stock-brief.md
2026-07-15,ASTS,"AST SpaceMobile, Inc.",68.82,68.82 USD,68.86,68.86 USD,1.83,0.05,2026-07-14 19:59 EDT,https://finance.yahoo.com/quote/ASTS/,2026-07-15-stock-brief.md
2026-07-15,MU,"Micron Technology, Inc.",937.00,937.00 USD,989.50,989.50 USD,-4.32,5.60,2026-07-14 19:59 EDT,https://finance.yahoo.com/quote/MU/,2026-07-15-stock-brief.md
2026-07-15,IREN,IREN LIMITED,38.59,38.59 USD,39.14,39.14 USD,-1.00,1.43,2026-07-14 19:59 EDT,https://finance.yahoo.com/quote/IREN/,2026-07-15-stock-brief.md
2026-07-15,EOSE,"Eos Energy Enterprises, Inc.",4.29,4.29 USD,4.34,4.34 USD,-1.38,1.17,2026-07-14 19:59 EDT,https://finance.yahoo.com/quote/EOSE/,2026-07-15-stock-brief.md
2026-07-15,GOOG,Alphabet Inc.,357.33,357.33 USD,357.30,357.30 USD,1.90,-0.01,2026-07-14 19:59 EDT,https://finance.yahoo.com/quote/GOOG/,2026-07-15-stock-brief.md
2026-07-15,DRAM,Roundhill Memory ETF,61.23,61.23 USD,62.22,62.22 USD,6.86,1.62,2026-07-14 19:59 EDT,https://finance.yahoo.com/quote/DRAM/,2026-07-15-stock-brief.md
2026-07-15,AMD,"Advanced Micro Devices, Inc.",534.39,534.39 USD,549.97,549.97 USD,-4.21,2.92,2026-07-14 19:59 EDT,https://finance.yahoo.com/quote/AMD/,2026-07-15-stock-brief.md
2026-07-15,ASML,ASML Holding N.V. - New York Re,1726.04,"1,726.04 USD",1806.80,"1,806.80 USD",-3.97,4.68,2026-07-14 19:59 EDT,https://finance.yahoo.com/quote/ASML/,2026-07-15-stock-brief.md
2026-07-16,INTC,Intel Corporation,102.99,102.99 USD,103.20,103.20 USD,-4.43,0.20,2026-07-15 19:59 EDT,https://finance.yahoo.com/quote/INTC/,2026-07-16-stock-brief.md
2026-07-16,AVGO,Broadcom Inc.,394.28,394.28 USD,393.46,393.46 USD,1.33,-0.21,2026-07-15 19:59 EDT,https://finance.yahoo.com/quote/AVGO/,2026-07-16-stock-brief.md
2026-07-16,RKLB,Rocket Lab Corporation,76.20,76.20 USD,75.42,75.42 USD,-3.31,-1.02,2026-07-15 19:59 EDT,https://finance.yahoo.com/quote/RKLB/,2026-07-16-stock-brief.md
2026-07-16,AAPL,Apple Inc.,327.50,327.50 USD,327.80,327.80 USD,4.01,0.09,2026-07-15 19:59 EDT,https://finance.yahoo.com/quote/AAPL/,2026-07-16-stock-brief.md
2026-07-16,NVDA,NVIDIA Corporation,212.50,212.50 USD,211.25,211.25 USD,0.33,-0.59,2026-07-15 19:59 EDT,https://finance.yahoo.com/quote/NVDA/,2026-07-16-stock-brief.md
2026-07-16,TSLA,"Tesla, Inc.",394.46,394.46 USD,394.80,394.80 USD,-0.43,0.09,2026-07-15 19:59 EDT,https://finance.yahoo.com/quote/TSLA/,2026-07-16-stock-brief.md
2026-07-16,SNDK,Sandisk Corporation,1615.00,"1,615.00 USD",1575.00,"1,575.00 USD",-8.12,-2.48,2026-07-15 19:59 EDT,https://finance.yahoo.com/quote/SNDK/,2026-07-16-stock-brief.md
2026-07-16,QQQ,"Invesco QQQ Trust, Series 1",717.74,717.74 USD,717.41,717.41 USD,-0.27,-0.05,2026-07-15 19:59 EDT,https://finance.yahoo.com/quote/QQQ/,2026-07-16-stock-brief.md
2026-07-16,SPY,State Street SPDR S&P 500 ETF T,754.81,754.81 USD,754.68,754.68 USD,0.40,-0.02,2026-07-15 19:59 EDT,https://finance.yahoo.com/quote/SPY/,2026-07-16-stock-brief.md
2026-07-16,JEPQ,JPMorgan Nasdaq Equity Premium,60.12,60.12 USD,60.14,60.14 USD,-0.12,0.03,2026-07-15 19:59 EDT,https://finance.yahoo.com/quote/JEPQ/,2026-07-16-stock-brief.md
2026-07-16,ASTS,"AST SpaceMobile, Inc.",66.31,66.31 USD,58.01,58.01 USD,-3.65,-12.52,2026-07-15 19:59 EDT,https://finance.yahoo.com/quote/ASTS/,2026-07-16-stock-brief.md
2026-07-16,MU,"Micron Technology, Inc.",904.28,904.28 USD,896.10,896.10 USD,-8.02,-0.90,2026-07-15 19:59 EDT,https://finance.yahoo.com/quote/MU/,2026-07-16-stock-brief.md
2026-07-16,IREN,IREN LIMITED,38.28,38.28 USD,38.36,38.36 USD,-0.80,0.21,2026-07-15 19:59 EDT,https://finance.yahoo.com/quote/IREN/,2026-07-16-stock-brief.md
2026-07-16,EOSE,"Eos Energy Enterprises, Inc.",4.37,4.37 USD,4.97,4.97 USD,1.86,13.73,2026-07-15 19:59 EDT,https://finance.yahoo.com/quote/EOSE/,2026-07-16-stock-brief.md
2026-07-16,GOOG,Alphabet Inc.,370.21,370.21 USD,370.75,370.75 USD,3.60,0.15,2026-07-15 20:00 EDT,https://finance.yahoo.com/quote/GOOG/,2026-07-16-stock-brief.md
2026-07-16,DRAM,Roundhill Memory ETF,57.40,57.40 USD,56.50,56.50 USD,-6.26,-1.57,2026-07-15 19:59 EDT,https://finance.yahoo.com/quote/DRAM/,2026-07-16-stock-brief.md
2026-07-16,AMD,"Advanced Micro Devices, Inc.",529.14,529.14 USD,528.27,528.27 USD,-3.46,-0.16,2026-07-15 19:59 EDT,https://finance.yahoo.com/quote/AMD/,2026-07-16-stock-brief.md
2026-07-16,ASML,ASML Holding N.V. - New York Re,1815.27,"1,815.27 USD",1809.49,"1,809.49 USD",2.23,-0.32,2026-07-15 19:59 EDT,https://finance.yahoo.com/quote/ASML/,2026-07-16-stock-brief.md
2026-07-17,INTC,Intel Corporation,96.98,96.98 USD,95.17,95.17 USD,-5.84,-1.87,2026-07-16 19:59 EDT,https://finance.yahoo.com/quote/INTC/,2026-07-17-stock-brief.md
2026-07-17,AVGO,Broadcom Inc.,374.45,374.45 USD,373.90,373.90 USD,-5.03,-0.15,2026-07-16 19:59 EDT,https://finance.yahoo.com/quote/AVGO/,2026-07-17-stock-brief.md
2026-07-17,RKLB,Rocket Lab Corporation,67.35,67.35 USD,66.13,66.13 USD,-11.61,-1.81,2026-07-16 19:59 EDT,https://finance.yahoo.com/quote/RKLB/,2026-07-17-stock-brief.md
2026-07-17,AAPL,Apple Inc.,333.26,333.26 USD,334.83,334.83 USD,1.76,0.47,2026-07-16 19:59 EDT,https://finance.yahoo.com/quote/AAPL/,2026-07-17-stock-brief.md
2026-07-17,NVDA,NVIDIA Corporation,207.40,207.40 USD,205.97,205.97 USD,-2.40,-0.69,2026-07-16 19:59 EDT,https://finance.yahoo.com/quote/NVDA/,2026-07-17-stock-brief.md
2026-07-17,TSLA,"Tesla, Inc.",391.06,391.06 USD,388.65,388.65 USD,-0.86,-0.62,2026-07-16 19:59 EDT,https://finance.yahoo.com/quote/TSLA/,2026-07-17-stock-brief.md
2026-07-17,SNDK,Sandisk Corporation,1411.08,"1,411.08 USD",1366.00,"1,366.00 USD",-12.63,-3.19,2026-07-16 19:59 EDT,https://finance.yahoo.com/quote/SNDK/,2026-07-17-stock-brief.md
2026-07-17,QQQ,"Invesco QQQ Trust, Series 1",705.94,705.94 USD,702.94,702.94 USD,-1.64,-0.42,2026-07-16 19:59 EDT,https://finance.yahoo.com/quote/QQQ/,2026-07-17-stock-brief.md
2026-07-17,SPY,State Street SPDR S&P 500 ETF T,750.72,750.72 USD,749.17,749.17 USD,-0.54,-0.21,2026-07-16 19:59 EDT,https://finance.yahoo.com/quote/SPY/,2026-07-17-stock-brief.md
2026-07-17,JEPQ,JPMorgan Nasdaq Equity Premium,59.26,59.26 USD,59.20,59.20 USD,-1.43,-0.10,2026-07-16 19:59 EDT,https://finance.yahoo.com/quote/JEPQ/,2026-07-17-stock-brief.md
2026-07-17,ASTS,"AST SpaceMobile, Inc.",55.01,55.01 USD,54.18,54.18 USD,-17.04,-1.51,2026-07-16 19:59 EDT,https://finance.yahoo.com/quote/ASTS/,2026-07-17-stock-brief.md
2026-07-17,MU,"Micron Technology, Inc.",853.20,853.20 USD,832.41,832.41 USD,-5.65,-2.44,2026-07-16 19:59 EDT,https://finance.yahoo.com/quote/MU/,2026-07-17-stock-brief.md
2026-07-17,IREN,IREN LIMITED,34.83,34.83 USD,34.54,34.54 USD,-9.01,-0.83,2026-07-16 19:59 EDT,https://finance.yahoo.com/quote/IREN/,2026-07-17-stock-brief.md
2026-07-17,EOSE,"Eos Energy Enterprises, Inc.",3.96,3.96 USD,3.95,3.95 USD,-9.38,-0.17,2026-07-16 19:59 EDT,https://finance.yahoo.com/quote/EOSE/,2026-07-17-stock-brief.md
2026-07-17,GOOG,Alphabet Inc.,353.81,353.81 USD,356.71,356.71 USD,-4.43,0.82,2026-07-16 19:59 EDT,https://finance.yahoo.com/quote/GOOG/,2026-07-17-stock-brief.md
2026-07-17,DRAM,Roundhill Memory ETF,52.34,52.34 USD,51.37,51.37 USD,-8.82,-1.85,2026-07-16 19:59 EDT,https://finance.yahoo.com/quote/DRAM/,2026-07-17-stock-brief.md
2026-07-17,AMD,"Advanced Micro Devices, Inc.",500.94,500.94 USD,494.30,494.30 USD,-5.33,-1.33,2026-07-16 19:59 EDT,https://finance.yahoo.com/quote/AMD/,2026-07-17-stock-brief.md
2026-07-17,ASML,ASML Holding N.V. - New York Re,1784.87,"1,784.87 USD",1769.48,"1,769.48 USD",-1.67,-0.86,2026-07-16 20:00 EDT,https://finance.yahoo.com/quote/ASML/,2026-07-17-stock-brief.md
2026-07-18,INTC,Intel Corporation,95.04,95.04 USD,93.97,93.97 USD,-2.00,-1.13,2026-07-17 19:59 EDT,https://finance.yahoo.com/quote/INTC/,2026-07-18-stock-brief.md
2026-07-18,AVGO,Broadcom Inc.,370.83,370.83 USD,370.00,370.00 USD,-0.97,-0.22,2026-07-17 19:59 EDT,https://finance.yahoo.com/quote/AVGO/,2026-07-18-stock-brief.md
2026-07-18,RKLB,Rocket Lab Corporation,67.62,67.62 USD,68.20,68.20 USD,0.40,0.86,2026-07-17 19:59 EDT,https://finance.yahoo.com/quote/RKLB/,2026-07-18-stock-brief.md
2026-07-18,AAPL,Apple Inc.,333.74,333.74 USD,333.66,333.66 USD,0.14,-0.02,2026-07-17 19:59 EDT,https://finance.yahoo.com/quote/AAPL/,2026-07-18-stock-brief.md
2026-07-18,NVDA,NVIDIA Corporation,202.81,202.81 USD,202.49,202.49 USD,-2.21,-0.16,2026-07-17 19:59 EDT,https://finance.yahoo.com/quote/NVDA/,2026-07-18-stock-brief.md
2026-07-18,TSLA,"Tesla, Inc.",380.84,380.84 USD,380.03,380.03 USD,-2.61,-0.21,2026-07-17 19:59 EDT,https://finance.yahoo.com/quote/TSLA/,2026-07-18-stock-brief.md
2026-07-18,SNDK,Sandisk Corporation,1354.82,"1,354.82 USD",1350.21,"1,350.21 USD",-3.99,-0.34,2026-07-17 19:59 EDT,https://finance.yahoo.com/quote/SNDK/,2026-07-18-stock-brief.md
2026-07-18,QQQ,"Invesco QQQ Trust, Series 1",695.33,695.33 USD,693.76,693.76 USD,-1.50,-0.23,2026-07-17 19:59 EDT,https://finance.yahoo.com/quote/QQQ/,2026-07-18-stock-brief.md
2026-07-18,SPY,State Street SPDR S&P 500 ETF T,743.29,743.29 USD,742.49,742.49 USD,-0.99,-0.11,2026-07-17 19:59 EDT,https://finance.yahoo.com/quote/SPY/,2026-07-18-stock-brief.md
2026-07-18,JEPQ,JPMorgan Nasdaq Equity Premium,58.51,58.51 USD,58.44,58.44 USD,-1.27,-0.12,2026-07-17 19:59 EDT,https://finance.yahoo.com/quote/JEPQ/,2026-07-18-stock-brief.md
2026-07-18,ASTS,"AST SpaceMobile, Inc.",57.80,57.80 USD,58.35,58.35 USD,5.07,0.95,2026-07-17 19:59 EDT,https://finance.yahoo.com/quote/ASTS/,2026-07-18-stock-brief.md
2026-07-18,MU,"Micron Technology, Inc.",848.95,848.95 USD,844.00,844.00 USD,-0.50,-0.58,2026-07-17 19:59 EDT,https://finance.yahoo.com/quote/MU/,2026-07-18-stock-brief.md
2026-07-18,IREN,IREN LIMITED,33.62,33.62 USD,33.72,33.72 USD,-3.47,0.30,2026-07-17 19:59 EDT,https://finance.yahoo.com/quote/IREN/,2026-07-18-stock-brief.md
2026-07-18,EOSE,"Eos Energy Enterprises, Inc.",4.13,4.13 USD,4.17,4.17 USD,4.29,0.97,2026-07-17 19:59 EDT,https://finance.yahoo.com/quote/EOSE/,2026-07-18-stock-brief.md
2026-07-18,GOOG,Alphabet Inc.,346.12,346.12 USD,345.84,345.84 USD,-2.17,-0.08,2026-07-17 19:59 EDT,https://finance.yahoo.com/quote/GOOG/,2026-07-18-stock-brief.md
2026-07-18,DRAM,Roundhill Memory ETF,52.72,52.72 USD,52.11,52.11 USD,0.73,-1.16,2026-07-17 19:59 EDT,https://finance.yahoo.com/quote/DRAM/,2026-07-18-stock-brief.md
2026-07-18,AMD,"Advanced Micro Devices, Inc.",495.76,495.76 USD,492.50,492.50 USD,-1.03,-0.66,2026-07-17 19:59 EDT,https://finance.yahoo.com/quote/AMD/,2026-07-18-stock-brief.md
2026-07-18,ASML,ASML Holding N.V. - New York Re,1747.58,"1,747.58 USD",1741.31,"1,741.31 USD",-2.09,-0.36,2026-07-17 19:59 EDT,https://finance.yahoo.com/quote/ASML/,2026-07-18-stock-brief.md
2026-07-19,INTC,Intel Corporation,95.04,95.04 USD,93.97,93.97 USD,-2.00,-1.13,2026-07-17 19:59 EDT,https://finance.yahoo.com/quote/INTC/,2026-07-19-stock-brief.md
2026-07-19,AVGO,Broadcom Inc.,370.83,370.83 USD,370.00,370.00 USD,-0.97,-0.22,2026-07-17 19:59 EDT,https://finance.yahoo.com/quote/AVGO/,2026-07-19-stock-brief.md
2026-07-19,RKLB,Rocket Lab Corporation,67.62,67.62 USD,68.20,68.20 USD,0.40,0.86,2026-07-17 19:59 EDT,https://finance.yahoo.com/quote/RKLB/,2026-07-19-stock-brief.md
2026-07-19,AAPL,Apple Inc.,333.74,333.74 USD,333.66,333.66 USD,0.14,-0.02,2026-07-17 19:59 EDT,https://finance.yahoo.com/quote/AAPL/,2026-07-19-stock-brief.md
2026-07-19,NVDA,NVIDIA Corporation,202.81,202.81 USD,202.49,202.49 USD,-2.21,-0.16,2026-07-17 19:59 EDT,https://finance.yahoo.com/quote/NVDA/,2026-07-19-stock-brief.md
2026-07-19,TSLA,"Tesla, Inc.",380.84,380.84 USD,380.03,380.03 USD,-2.61,-0.21,2026-07-17 19:59 EDT,https://finance.yahoo.com/quote/TSLA/,2026-07-19-stock-brief.md
2026-07-19,SNDK,Sandisk Corporation,1354.82,"1,354.82 USD",1350.21,"1,350.21 USD",-3.99,-0.34,2026-07-17 19:59 EDT,https://finance.yahoo.com/quote/SNDK/,2026-07-19-stock-brief.md
2026-07-19,QQQ,"Invesco QQQ Trust, Series 1",695.33,695.33 USD,693.76,693.76 USD,-1.50,-0.23,2026-07-17 19:59 EDT,https://finance.yahoo.com/quote/QQQ/,2026-07-19-stock-brief.md
2026-07-19,SPY,State Street SPDR S&P 500 ETF T,743.29,743.29 USD,742.49,742.49 USD,-0.99,-0.11,2026-07-17 19:59 EDT,https://finance.yahoo.com/quote/SPY/,2026-07-19-stock-brief.md
2026-07-19,JEPQ,JPMorgan Nasdaq Equity Premium,58.51,58.51 USD,58.44,58.44 USD,-1.27,-0.12,2026-07-17 19:59 EDT,https://finance.yahoo.com/quote/JEPQ/,2026-07-19-stock-brief.md
2026-07-19,ASTS,"AST SpaceMobile, Inc.",57.80,57.80 USD,58.35,58.35 USD,5.07,0.95,2026-07-17 19:59 EDT,https://finance.yahoo.com/quote/ASTS/,2026-07-19-stock-brief.md
2026-07-19,MU,"Micron Technology, Inc.",848.95,848.95 USD,844.00,844.00 USD,-0.50,-0.58,2026-07-17 19:59 EDT,https://finance.yahoo.com/quote/MU/,2026-07-19-stock-brief.md
2026-07-19,IREN,IREN LIMITED,33.62,33.62 USD,33.72,33.72 USD,-3.47,0.30,2026-07-17 19:59 EDT,https://finance.yahoo.com/quote/IREN/,2026-07-19-stock-brief.md
2026-07-19,EOSE,"Eos Energy Enterprises, Inc.",4.13,4.13 USD,4.17,4.17 USD,4.29,0.97,2026-07-17 19:59 EDT,https://finance.yahoo.com/quote/EOSE/,2026-07-19-stock-brief.md
2026-07-19,GOOG,Alphabet Inc.,346.12,346.12 USD,345.84,345.84 USD,-2.17,-0.08,2026-07-17 19:59 EDT,https://finance.yahoo.com/quote/GOOG/,2026-07-19-stock-brief.md
2026-07-19,DRAM,Roundhill Memory ETF,52.72,52.72 USD,52.11,52.11 USD,0.73,-1.16,2026-07-17 19:59 EDT,https://finance.yahoo.com/quote/DRAM/,2026-07-19-stock-brief.md
2026-07-19,AMD,"Advanced Micro Devices, Inc.",495.76,495.76 USD,492.50,492.50 USD,-1.03,-0.66,2026-07-17 19:59 EDT,https://finance.yahoo.com/quote/AMD/,2026-07-19-stock-brief.md
2026-07-19,ASML,ASML Holding N.V. - New York Re,1747.58,"1,747.58 USD",1741.31,"1,741.31 USD",-2.09,-0.36,2026-07-17 19:59 EDT,https://finance.yahoo.com/quote/ASML/,2026-07-19-stock-brief.md
2026-07-20,INTC,Intel Corporation,95.04,95.04 USD,93.97,93.97 USD,-2.00,-1.13,2026-07-17 19:59 EDT,https://finance.yahoo.com/quote/INTC/,2026-07-20-stock-brief.md
2026-07-20,AVGO,Broadcom Inc.,370.83,370.83 USD,370.00,370.00 USD,-0.97,-0.22,2026-07-17 19:59 EDT,https://finance.yahoo.com/quote/AVGO/,2026-07-20-stock-brief.md
2026-07-20,RKLB,Rocket Lab Corporation,67.62,67.62 USD,68.20,68.20 USD,0.40,0.86,2026-07-17 19:59 EDT,https://finance.yahoo.com/quote/RKLB/,2026-07-20-stock-brief.md
2026-07-20,AAPL,Apple Inc.,333.74,333.74 USD,333.66,333.66 USD,0.14,-0.02,2026-07-17 19:59 EDT,https://finance.yahoo.com/quote/AAPL/,2026-07-20-stock-brief.md
2026-07-20,NVDA,NVIDIA Corporation,202.81,202.81 USD,202.49,202.49 USD,-2.21,-0.16,2026-07-17 19:59 EDT,https://finance.yahoo.com/quote/NVDA/,2026-07-20-stock-brief.md
2026-07-20,TSLA,"Tesla, Inc.",380.84,380.84 USD,380.03,380.03 USD,-2.61,-0.21,2026-07-17 19:59 EDT,https://finance.yahoo.com/quote/TSLA/,2026-07-20-stock-brief.md
2026-07-20,SNDK,Sandisk Corporation,1354.82,"1,354.82 USD",1350.21,"1,350.21 USD",-3.99,-0.34,2026-07-17 19:59 EDT,https://finance.yahoo.com/quote/SNDK/,2026-07-20-stock-brief.md
2026-07-20,QQQ,"Invesco QQQ Trust, Series 1",695.33,695.33 USD,693.76,693.76 USD,-1.50,-0.23,2026-07-17 19:59 EDT,https://finance.yahoo.com/quote/QQQ/,2026-07-20-stock-brief.md
2026-07-20,SPY,State Street SPDR S&P 500 ETF T,743.29,743.29 USD,742.49,742.49 USD,-0.99,-0.11,2026-07-17 19:59 EDT,https://finance.yahoo.com/quote/SPY/,2026-07-20-stock-brief.md
2026-07-20,JEPQ,JPMorgan Nasdaq Equity Premium,58.51,58.51 USD,58.44,58.44 USD,-1.27,-0.12,2026-07-17 19:59 EDT,https://finance.yahoo.com/quote/JEPQ/,2026-07-20-stock-brief.md
2026-07-20,ASTS,"AST SpaceMobile, Inc.",57.80,57.80 USD,58.35,58.35 USD,5.07,0.95,2026-07-17 19:59 EDT,https://finance.yahoo.com/quote/ASTS/,2026-07-20-stock-brief.md
2026-07-20,MU,"Micron Technology, Inc.",848.95,848.95 USD,844.00,844.00 USD,-0.50,-0.58,2026-07-17 19:59 EDT,https://finance.yahoo.com/quote/MU/,2026-07-20-stock-brief.md
2026-07-20,IREN,IREN LIMITED,33.62,33.62 USD,33.72,33.72 USD,-3.47,0.30,2026-07-17 19:59 EDT,https://finance.yahoo.com/quote/IREN/,2026-07-20-stock-brief.md
2026-07-20,EOSE,"Eos Energy Enterprises, Inc.",4.13,4.13 USD,4.17,4.17 USD,4.29,0.97,2026-07-17 19:59 EDT,https://finance.yahoo.com/quote/EOSE/,2026-07-20-stock-brief.md
2026-07-20,GOOG,Alphabet Inc.,346.12,346.12 USD,345.84,345.84 USD,-2.17,-0.08,2026-07-17 19:59 EDT,https://finance.yahoo.com/quote/GOOG/,2026-07-20-stock-brief.md
2026-07-20,DRAM,Roundhill Memory ETF,52.72,52.72 USD,52.11,52.11 USD,0.73,-1.16,2026-07-17 19:59 EDT,https://finance.yahoo.com/quote/DRAM/,2026-07-20-stock-brief.md
2026-07-20,AMD,"Advanced Micro Devices, Inc.",495.76,495.76 USD,492.50,492.50 USD,-1.03,-0.66,2026-07-17 19:59 EDT,https://finance.yahoo.com/quote/AMD/,2026-07-20-stock-brief.md
2026-07-20,ASML,ASML Holding N.V. - New York Re,1747.58,"1,747.58 USD",1741.31,"1,741.31 USD",-2.09,-0.36,2026-07-17 19:59 EDT,https://finance.yahoo.com/quote/ASML/,2026-07-20-stock-brief.md
2026-07-21,INTC,Intel Corporation,97.06,97.06 USD,97.55,97.55 USD,2.13,0.50,2026-07-20 19:59 EDT,https://finance.yahoo.com/quote/INTC/,2026-07-21-stock-brief.md
2026-07-21,AVGO,Broadcom Inc.,378.16,378.16 USD,379.69,379.69 USD,1.98,0.40,2026-07-20 19:59 EDT,https://finance.yahoo.com/quote/AVGO/,2026-07-21-stock-brief.md
2026-07-21,RKLB,Rocket Lab Corporation,65.74,65.74 USD,66.04,66.04 USD,-2.78,0.46,2026-07-20 19:59 EDT,https://finance.yahoo.com/quote/RKLB/,2026-07-21-stock-brief.md
2026-07-21,AAPL,Apple Inc.,326.59,326.59 USD,325.99,325.99 USD,-2.14,-0.18,2026-07-20 19:59 EDT,https://finance.yahoo.com/quote/AAPL/,2026-07-21-stock-brief.md
2026-07-21,NVDA,NVIDIA Corporation,203.28,203.28 USD,203.09,203.09 USD,0.23,-0.09,2026-07-20 19:59 EDT,https://finance.yahoo.com/quote/NVDA/,2026-07-21-stock-brief.md
2026-07-21,TSLA,"Tesla, Inc.",369.57,369.57 USD,370.50,370.50 USD,-2.96,0.25,2026-07-20 19:59 EDT,https://finance.yahoo.com/quote/TSLA/,2026-07-21-stock-brief.md
2026-07-21,SNDK,Sandisk Corporation,1390.95,"1,390.95 USD",1408.24,"1,408.24 USD",2.67,1.24,2026-07-20 19:59 EDT,https://finance.yahoo.com/quote/SNDK/,2026-07-21-stock-brief.md
2026-07-21,QQQ,"Invesco QQQ Trust, Series 1",696.06,696.06 USD,695.86,695.86 USD,0.10,-0.03,2026-07-20 19:59 EDT,https://finance.yahoo.com/quote/QQQ/,2026-07-21-stock-brief.md
2026-07-21,SPY,State Street SPDR S&P 500 ETF T,742.09,742.09 USD,742.15,742.15 USD,-0.16,0.01,2026-07-20 19:59 EDT,https://finance.yahoo.com/quote/SPY/,2026-07-21-stock-brief.md
2026-07-21,JEPQ,JPMorgan Nasdaq Equity Premium,58.59,58.59 USD,58.70,58.70 USD,0.14,0.19,2026-07-20 19:59 EDT,https://finance.yahoo.com/quote/JEPQ/,2026-07-21-stock-brief.md
2026-07-21,ASTS,"AST SpaceMobile, Inc.",57.42,57.42 USD,57.67,57.67 USD,-0.66,0.43,2026-07-20 19:59 EDT,https://finance.yahoo.com/quote/ASTS/,2026-07-21-stock-brief.md
2026-07-21,MU,"Micron Technology, Inc.",865.46,865.46 USD,872.25,872.25 USD,1.94,0.78,2026-07-20 19:59 EDT,https://finance.yahoo.com/quote/MU/,2026-07-21-stock-brief.md
2026-07-21,IREN,IREN LIMITED,40.20,40.20 USD,41.04,41.04 USD,19.57,2.09,2026-07-20 19:59 EDT,https://finance.yahoo.com/quote/IREN/,2026-07-21-stock-brief.md
2026-07-21,EOSE,"Eos Energy Enterprises, Inc.",4.06,4.06 USD,4.07,4.07 USD,-1.69,0.25,2026-07-20 19:57 EDT,https://finance.yahoo.com/quote/EOSE/,2026-07-21-stock-brief.md
2026-07-21,GOOG,Alphabet Inc.,351.37,351.37 USD,352.52,352.52 USD,1.52,0.33,2026-07-20 19:59 EDT,https://finance.yahoo.com/quote/GOOG/,2026-07-21-stock-brief.md
2026-07-21,DRAM,Roundhill Memory ETF,53.06,53.06 USD,53.25,53.25 USD,0.64,0.36,2026-07-20 19:59 EDT,https://finance.yahoo.com/quote/DRAM/,2026-07-21-stock-brief.md
2026-07-21,AMD,"Advanced Micro Devices, Inc.",503.57,503.57 USD,505.00,505.00 USD,1.58,0.28,2026-07-20 19:59 EDT,https://finance.yahoo.com/quote/AMD/,2026-07-21-stock-brief.md
2026-07-21,ASML,ASML Holding N.V. - New York Re,1739.02,"1,739.02 USD",1738.00,"1,738.00 USD",-0.49,-0.06,2026-07-20 19:59 EDT,https://finance.yahoo.com/quote/ASML/,2026-07-21-stock-brief.md
2026-07-22,INTC,Intel Corporation,105.45,105.45 USD,106.09,106.09 USD,8.64,0.61,2026-07-21 19:59 EDT,https://finance.yahoo.com/quote/INTC/,2026-07-22-stock-brief.md
2026-07-22,AVGO,Broadcom Inc.,386.50,386.50 USD,384.42,384.42 USD,2.21,-0.54,2026-07-21 19:59 EDT,https://finance.yahoo.com/quote/AVGO/,2026-07-22-stock-brief.md
2026-07-22,RKLB,Rocket Lab Corporation,69.12,69.12 USD,73.98,73.98 USD,5.14,7.03,2026-07-21 19:59 EDT,https://finance.yahoo.com/quote/RKLB/,2026-07-22-stock-brief.md
2026-07-22,AAPL,Apple Inc.,327.74,327.74 USD,324.50,324.50 USD,0.35,-0.99,2026-07-21 19:59 EDT,https://finance.yahoo.com/quote/AAPL/,2026-07-22-stock-brief.md
2026-07-22,NVDA,NVIDIA Corporation,207.29,207.29 USD,206.35,206.35 USD,1.97,-0.45,2026-07-21 19:59 EDT,https://finance.yahoo.com/quote/NVDA/,2026-07-22-stock-brief.md
2026-07-22,TSLA,"Tesla, Inc.",378.93,378.93 USD,379.50,379.50 USD,2.53,0.15,2026-07-21 19:59 EDT,https://finance.yahoo.com/quote/TSLA/,2026-07-22-stock-brief.md
2026-07-22,SNDK,Sandisk Corporation,1589.40,"1,589.40 USD",1633.68,"1,633.68 USD",14.27,2.79,2026-07-21 19:59 EDT,https://finance.yahoo.com/quote/SNDK/,2026-07-22-stock-brief.md
2026-07-22,QQQ,"Invesco QQQ Trust, Series 1",708.97,708.97 USD,708.62,708.62 USD,1.85,-0.05,2026-07-21 19:59 EDT,https://finance.yahoo.com/quote/QQQ/,2026-07-22-stock-brief.md
2026-07-22,SPY,State Street SPDR S&P 500 ETF T,748.28,748.28 USD,748.06,748.06 USD,0.83,-0.03,2026-07-21 19:59 EDT,https://finance.yahoo.com/quote/SPY/,2026-07-22-stock-brief.md
2026-07-22,JEPQ,JPMorgan Nasdaq Equity Premium,59.65,59.65 USD,59.60,59.60 USD,1.81,-0.08,2026-07-21 19:59 EDT,https://finance.yahoo.com/quote/JEPQ/,2026-07-22-stock-brief.md
2026-07-22,ASTS,"AST SpaceMobile, Inc.",63.34,63.34 USD,64.80,64.80 USD,10.31,2.31,2026-07-21 19:59 EDT,https://finance.yahoo.com/quote/ASTS/,2026-07-22-stock-brief.md
2026-07-22,MU,"Micron Technology, Inc.",970.82,970.82 USD,986.50,986.50 USD,12.17,1.62,2026-07-21 19:59 EDT,https://finance.yahoo.com/quote/MU/,2026-07-22-stock-brief.md
2026-07-22,IREN,IREN LIMITED,41.29,41.29 USD,41.46,41.46 USD,2.71,0.40,2026-07-21 19:59 EDT,https://finance.yahoo.com/quote/IREN/,2026-07-22-stock-brief.md
2026-07-22,EOSE,"Eos Energy Enterprises, Inc.",4.24,4.24 USD,4.28,4.28 USD,4.43,0.94,2026-07-21 19:59 EDT,https://finance.yahoo.com/quote/EOSE/,2026-07-22-stock-brief.md
2026-07-22,GOOG,Alphabet Inc.,346.19,346.19 USD,348.10,348.10 USD,-1.47,0.55,2026-07-21 19:59 EDT,https://finance.yahoo.com/quote/GOOG/,2026-07-22-stock-brief.md
2026-07-22,DRAM,Roundhill Memory ETF,58.85,58.85 USD,59.99,59.99 USD,10.91,1.94,2026-07-21 19:59 EDT,https://finance.yahoo.com/quote/DRAM/,2026-07-22-stock-brief.md
2026-07-22,AMD,"Advanced Micro Devices, Inc.",544.43,544.43 USD,545.88,545.88 USD,8.11,0.27,2026-07-21 19:59 EDT,https://finance.yahoo.com/quote/AMD/,2026-07-22-stock-brief.md
2026-07-22,ASML,ASML Holding N.V. - New York Re,1801.51,"1,801.51 USD",1802.00,"1,802.00 USD",3.59,0.03,2026-07-21 19:59 EDT,https://finance.yahoo.com/quote/ASML/,2026-07-22-stock-brief.md
2026-07-23,INTC,Intel Corporation,102.62,102.62 USD,103.79,103.79 USD,-2.68,1.14,2026-07-22 19:59 EDT,https://finance.yahoo.com/quote/INTC/,2026-07-23-stock-brief.md
2026-07-23,AVGO,Broadcom Inc.,396.81,396.81 USD,397.60,397.60 USD,2.67,0.20,2026-07-22 19:59 EDT,https://finance.yahoo.com/quote/AVGO/,2026-07-23-stock-brief.md
2026-07-23,RKLB,Rocket Lab Corporation,69.75,69.75 USD,69.37,69.37 USD,0.91,-0.54,2026-07-22 19:59 EDT,https://finance.yahoo.com/quote/RKLB/,2026-07-23-stock-brief.md
2026-07-23,AAPL,Apple Inc.,325.89,325.89 USD,325.74,325.74 USD,-0.56,-0.05,2026-07-22 19:59 EDT,https://finance.yahoo.com/quote/AAPL/,2026-07-23-stock-brief.md
2026-07-23,NVDA,NVIDIA Corporation,212.06,212.06 USD,212.04,212.04 USD,2.30,-0.01,2026-07-22 19:59 EDT,https://finance.yahoo.com/quote/NVDA/,2026-07-23-stock-brief.md
2026-07-23,TSLA,"Tesla, Inc.",374.01,374.01 USD,358.80,358.80 USD,-1.30,-4.07,2026-07-22 19:59 EDT,https://finance.yahoo.com/quote/TSLA/,2026-07-23-stock-brief.md
2026-07-23,SNDK,Sandisk Corporation,1599.27,"1,599.27 USD",1620.00,"1,620.00 USD",0.62,1.30,2026-07-22 19:59 EDT,https://finance.yahoo.com/quote/SNDK/,2026-07-23-stock-brief.md
2026-07-23,QQQ,"Invesco QQQ Trust, Series 1",705.35,705.35 USD,704.78,704.78 USD,-0.51,-0.08,2026-07-22 19:59 EDT,https://finance.yahoo.com/quote/QQQ/,2026-07-23-stock-brief.md
2026-07-23,SPY,State Street SPDR S&P 500 ETF T,747.41,747.41 USD,746.68,746.68 USD,-0.12,-0.10,2026-07-22 19:59 EDT,https://finance.yahoo.com/quote/SPY/,2026-07-23-stock-brief.md
2026-07-23,JEPQ,JPMorgan Nasdaq Equity Premium,59.46,59.46 USD,59.46,59.46 USD,-0.32,0.00,2026-07-22 19:59 EDT,https://finance.yahoo.com/quote/JEPQ/,2026-07-23-stock-brief.md
2026-07-23,ASTS,"AST SpaceMobile, Inc.",61.95,61.95 USD,62.20,62.20 USD,-2.19,0.40,2026-07-22 19:59 EDT,https://finance.yahoo.com/quote/ASTS/,2026-07-23-stock-brief.md
2026-07-23,MU,"Micron Technology, Inc.",959.48,959.48 USD,983.29,983.29 USD,-1.17,2.48,2026-07-22 19:59 EDT,https://finance.yahoo.com/quote/MU/,2026-07-23-stock-brief.md
2026-07-23,IREN,IREN LIMITED,41.28,41.28 USD,42.10,42.10 USD,-0.02,1.99,2026-07-22 19:59 EDT,https://finance.yahoo.com/quote/IREN/,2026-07-23-stock-brief.md
2026-07-23,EOSE,"Eos Energy Enterprises, Inc.",3.98,3.98 USD,4.04,4.04 USD,-6.13,1.51,2026-07-22 19:59 EDT,https://finance.yahoo.com/quote/EOSE/,2026-07-23-stock-brief.md
2026-07-23,GOOG,Alphabet Inc.,341.91,341.91 USD,331.91,331.91 USD,-1.24,-2.93,2026-07-22 19:59 EDT,https://finance.yahoo.com/quote/GOOG/,2026-07-23-stock-brief.md
2026-07-23,DRAM,Roundhill Memory ETF,57.77,57.77 USD,59.07,59.07 USD,-1.84,2.26,2026-07-22 19:59 EDT,https://finance.yahoo.com/quote/DRAM/,2026-07-23-stock-brief.md
2026-07-23,AMD,"Advanced Micro Devices, Inc.",552.33,552.33 USD,554.00,554.00 USD,1.45,0.30,2026-07-22 19:59 EDT,https://finance.yahoo.com/quote/AMD/,2026-07-23-stock-brief.md
2026-07-23,ASML,ASML Holding N.V. - New York Re,1801.86,"1,801.86 USD",1808.43,"1,808.43 USD",0.02,0.36,2026-07-22 19:59 EDT,https://finance.yahoo.com/quote/ASML/,2026-07-23-stock-brief.md
2026-07-24,INTC,Intel Corporation,100.23,100.23 USD,104.61,104.61 USD,-2.33,4.37,2026-07-23 20:00 EDT,https://finance.yahoo.com/quote/INTC/,2026-07-24-stock-brief.md
2026-07-24,AVGO,Broadcom Inc.,392.47,392.47 USD,391.50,391.50 USD,-1.09,-0.25,2026-07-23 19:59 EDT,https://finance.yahoo.com/quote/AVGO/,2026-07-24-stock-brief.md
2026-07-24,RKLB,Rocket Lab Corporation,69.99,69.99 USD,69.50,69.50 USD,0.34,-0.70,2026-07-23 19:59 EDT,https://finance.yahoo.com/quote/RKLB/,2026-07-24-stock-brief.md
2026-07-24,AAPL,Apple Inc.,321.66,321.66 USD,321.10,321.10 USD,-1.30,-0.17,2026-07-23 19:59 EDT,https://finance.yahoo.com/quote/AAPL/,2026-07-24-stock-brief.md
2026-07-24,NVDA,NVIDIA Corporation,208.76,208.76 USD,207.99,207.99 USD,-1.56,-0.37,2026-07-23 19:59 EDT,https://finance.yahoo.com/quote/NVDA/,2026-07-24-stock-brief.md
2026-07-24,TSLA,"Tesla, Inc.",319.69,319.69 USD,324.00,324.00 USD,-14.52,1.35,2026-07-23 19:59 EDT,https://finance.yahoo.com/quote/TSLA/,2026-07-24-stock-brief.md
2026-07-24,SNDK,Sandisk Corporation,1610.33,"1,610.33 USD",1615.99,"1,615.99 USD",0.69,0.35,2026-07-23 19:59 EDT,https://finance.yahoo.com/quote/SNDK/,2026-07-24-stock-brief.md
2026-07-24,QQQ,"Invesco QQQ Trust, Series 1",691.96,691.96 USD,693.54,693.54 USD,-1.90,0.23,2026-07-23 19:59 EDT,https://finance.yahoo.com/quote/QQQ/,2026-07-24-stock-brief.md
2026-07-24,SPY,State Street SPDR S&P 500 ETF T,738.18,738.18 USD,738.74,738.74 USD,-1.23,0.08,2026-07-23 19:59 EDT,https://finance.yahoo.com/quote/SPY/,2026-07-24-stock-brief.md
2026-07-24,JEPQ,JPMorgan Nasdaq Equity Premium,58.53,58.53 USD,58.70,58.70 USD,-1.56,0.29,2026-07-23 19:59 EDT,https://finance.yahoo.com/quote/JEPQ/,2026-07-24-stock-brief.md
2026-07-24,ASTS,"AST SpaceMobile, Inc.",59.18,59.18 USD,59.19,59.19 USD,-4.47,0.02,2026-07-23 19:59 EDT,https://finance.yahoo.com/quote/ASTS/,2026-07-24-stock-brief.md
2026-07-24,MU,"Micron Technology, Inc.",990.21,990.21 USD,987.29,987.29 USD,3.20,-0.29,2026-07-23 19:59 EDT,https://finance.yahoo.com/quote/MU/,2026-07-24-stock-brief.md
2026-07-24,IREN,IREN LIMITED,40.58,40.58 USD,40.70,40.70 USD,-1.70,0.30,2026-07-23 19:59 EDT,https://finance.yahoo.com/quote/IREN/,2026-07-24-stock-brief.md
2026-07-24,EOSE,"Eos Energy Enterprises, Inc.",3.72,3.72 USD,3.72,3.72 USD,-6.53,-0.00,2026-07-23 19:59 EDT,https://finance.yahoo.com/quote/EOSE/,2026-07-24-stock-brief.md
2026-07-24,GOOG,Alphabet Inc.,318.34,318.34 USD,319.48,319.48 USD,-6.89,0.36,2026-07-23 19:59 EDT,https://finance.yahoo.com/quote/GOOG/,2026-07-24-stock-brief.md
2026-07-24,DRAM,Roundhill Memory ETF,58.30,58.30 USD,58.22,58.22 USD,0.92,-0.14,2026-07-23 19:59 EDT,https://finance.yahoo.com/quote/DRAM/,2026-07-24-stock-brief.md
2026-07-24,AMD,"Advanced Micro Devices, Inc.",539.69,539.69 USD,548.70,548.70 USD,-2.29,1.67,2026-07-23 19:59 EDT,https://finance.yahoo.com/quote/AMD/,2026-07-24-stock-brief.md
2026-07-24,ASML,ASML Holding N.V. - New York Re,1803.00,"1,803.00 USD",1826.71,"1,826.71 USD",0.06,1.32,2026-07-23 19:59 EDT,https://finance.yahoo.com/quote/ASML/,2026-07-24-stock-brief.md
2026-07-25,INTC,Intel Corporation,92.32,92.32 USD,91.53,91.53 USD,-7.89,-0.85,2026-07-24 19:59 EDT,https://finance.yahoo.com/quote/INTC/,2026-07-25-stock-brief.md
2026-07-25,AVGO,Broadcom Inc.,381.92,381.92 USD,381.84,381.84 USD,-2.69,-0.02,2026-07-24 19:59 EDT,https://finance.yahoo.com/quote/AVGO/,2026-07-25-stock-brief.md
2026-07-25,RKLB,Rocket Lab Corporation,63.91,63.91 USD,63.51,63.51 USD,-8.69,-0.63,2026-07-24 19:59 EDT,https://finance.yahoo.com/quote/RKLB/,2026-07-25-stock-brief.md
2026-07-25,AAPL,Apple Inc.,333.02,333.02 USD,333.80,333.80 USD,3.53,0.23,2026-07-24 19:59 EDT,https://finance.yahoo.com/quote/AAPL/,2026-07-25-stock-brief.md
2026-07-25,NVDA,NVIDIA Corporation,206.84,206.84 USD,206.80,206.80 USD,-0.92,-0.02,2026-07-24 19:59 EDT,https://finance.yahoo.com/quote/NVDA/,2026-07-25-stock-brief.md
2026-07-25,TSLA,"Tesla, Inc.",313.03,313.03 USD,311.38,311.38 USD,-2.08,-0.53,2026-07-24 19:59 EDT,https://finance.yahoo.com/quote/TSLA/,2026-07-25-stock-brief.md
2026-07-25,SNDK,Sandisk Corporation,1436.56,"1,436.56 USD",1433.01,"1,433.01 USD",-10.79,-0.25,2026-07-24 19:59 EDT,https://finance.yahoo.com/quote/SNDK/,2026-07-25-stock-brief.md
2026-07-25,QQQ,"Invesco QQQ Trust, Series 1",684.23,684.23 USD,683.96,683.96 USD,-1.12,-0.04,2026-07-24 19:59 EDT,https://finance.yahoo.com/quote/QQQ/,2026-07-25-stock-brief.md
2026-07-25,SPY,State Street SPDR S&P 500 ETF T,738.93,738.93 USD,738.66,738.66 USD,0.10,-0.04,2026-07-24 19:59 EDT,https://finance.yahoo.com/quote/SPY/,2026-07-25-stock-brief.md
2026-07-25,JEPQ,JPMorgan Nasdaq Equity Premium,57.96,57.96 USD,57.95,57.95 USD,-0.97,-0.02,2026-07-24 19:59 EDT,https://finance.yahoo.com/quote/JEPQ/,2026-07-25-stock-brief.md
2026-07-25,ASTS,"AST SpaceMobile, Inc.",56.20,56.20 USD,56.10,56.10 USD,-5.04,-0.18,2026-07-24 19:59 EDT,https://finance.yahoo.com/quote/ASTS/,2026-07-25-stock-brief.md
2026-07-25,MU,"Micron Technology, Inc.",920.95,920.95 USD,910.80,910.80 USD,-6.99,-1.10,2026-07-24 19:59 EDT,https://finance.yahoo.com/quote/MU/,2026-07-25-stock-brief.md
2026-07-25,IREN,IREN LIMITED,37.07,37.07 USD,36.98,36.98 USD,-8.65,-0.26,2026-07-24 19:59 EDT,https://finance.yahoo.com/quote/IREN/,2026-07-25-stock-brief.md
2026-07-25,EOSE,"Eos Energy Enterprises, Inc.",3.47,3.47 USD,3.48,3.48 USD,-6.72,0.29,2026-07-24 19:59 EDT,https://finance.yahoo.com/quote/EOSE/,2026-07-25-stock-brief.md
2026-07-25,GOOG,Alphabet Inc.,319.09,319.09 USD,318.63,318.63 USD,0.24,-0.14,2026-07-24 19:59 EDT,https://finance.yahoo.com/quote/GOOG/,2026-07-25-stock-brief.md
2026-07-25,DRAM,Roundhill Memory ETF,53.20,53.20 USD,52.82,52.82 USD,-8.75,-0.71,2026-07-24 19:59 EDT,https://finance.yahoo.com/quote/DRAM/,2026-07-25-stock-brief.md
2026-07-25,AMD,"Advanced Micro Devices, Inc.",521.95,521.95 USD,521.60,521.60 USD,-3.29,-0.07,2026-07-24 20:00 EDT,https://finance.yahoo.com/quote/AMD/,2026-07-25-stock-brief.md
2026-07-25,ASML,ASML Holding N.V. - New York Re,1757.09,"1,757.09 USD",1756.50,"1,756.50 USD",-2.55,-0.03,2026-07-24 19:59 EDT,https://finance.yahoo.com/quote/ASML/,2026-07-25-stock-brief.md
